participant,group,list,cond,lang,type,num,exp_num,cs,correct_key,response,rt,is_correct,source,lextale,lextale_z,mat_dur
021,exp_g1,l1,t,es,f0u,133,1,NA,lshift,lshift,1.8297648740000003,1,local,50,3.102373455318837,0.77825
021,exp_g1,l1,f,en,na,064,1,NA,lshift,lshift,1.5097863740000002,1,local,50,3.102373455318837,0.42857200000000001
021,exp_g1,l1,t,es,f0u,135,1,NA,lshift,lshift,1.637016375,1,local,50,3.102373455318837,0.85950000000000004
021,exp_g1,l1,t,es,f0u,140,1,NA,rshift,rshift,2.4410698330000002,1,local,50,3.102373455318837,1.108625
021,exp_g1,l1,f,en,na,066,1,NA,lshift,lshift,1.785589291,1,local,50,3.102373455318837,0.78000100000000006
021,exp_g1,l1,t,es,f0u,134,1,NA,rshift,rshift,2.7422099159999997,1,local,50,3.102373455318837,0.91259374999999998
021,exp_g1,l1,f,en,na,072,1,NA,lshift,lshift,1.3496126660000003,1,local,50,3.102373455318837,0.83155999999999997
021,exp_g1,l1,t,es,na,017,1,NA,lshift,lshift,2.8642710410000003,1,local,50,3.102373455318837,1.328805
021,exp_g1,l1,t,es,na,011,1,NA,lshift,lshift,2.092762666,1,local,50,3.102373455318837,0.94437499999999996
021,exp_g1,l1,f,en,na,074,1,NA,lshift,lshift,1.493702125,1,local,50,3.102373455318837,0.396484
021,exp_g1,l1,t,es,na,018,1,NA,rshift,rshift,2.149767166,1,local,50,3.102373455318837,0.90037500000000004
021,exp_g1,l1,f,en,na,067,1,NA,rshift,rshift,1.5062018750000001,1,local,50,3.102373455318837,0.95080399999999998
021,exp_g1,l1,t,es,na,012,1,NA,rshift,rshift,1.9488622080000002,1,local,50,3.102373455318837,0.82370299999999996
021,exp_g1,l1,t,es,na,014,1,NA,rshift,rshift,1.540599375,1,local,50,3.102373455318837,0.78868499999999997
021,exp_g1,l1,f,en,na,068,1,NA,lshift,lshift,1.770601541,1,local,50,3.102373455318837,0.60078399999999998
021,exp_g1,l1,t,es,f0u,139,1,NA,lshift,lshift,1.5269394989999998,1,local,50,3.102373455318837,1.1799375000000001
021,exp_g1,l1,t,es,f0u,136,1,NA,rshift,rshift,1.9194945420000002,1,local,50,3.102373455318837,0.97487500000000005
021,exp_g1,l1,t,es,na,013,1,NA,lshift,lshift,1.4402234159999998,1,local,50,3.102373455318837,1.352093
021,exp_g1,l1,t,es,na,016,1,NA,rshift,rshift,1.446459833,1,local,50,3.102373455318837,1.6949019999999999
021,exp_g1,l1,f,en,na,071,1,NA,rshift,rshift,1.417859708,1,local,50,3.102373455318837,1.2611289999999999
021,exp_g1,l1,f,en,na,075,1,NA,rshift,rshift,1.5459735830000003,1,local,50,3.102373455318837,0.913493
021,exp_g1,l1,t,es,na,015,1,NA,lshift,lshift,2.291011333,1,local,50,3.102373455318837,0.88211399999999995
021,exp_g1,l1,f,en,na,063,1,NA,rshift,rshift,1.774629,1,local,50,3.102373455318837,0.35137600000000002
021,exp_g1,l1,t,es,f0u,137,1,NA,lshift,lshift,1.5518903330000002,1,local,50,3.102373455318837,0.63512500000000005
021,exp_g1,l1,t,es,na,020,1,NA,rshift,rshift,1.4933192909999997,1,local,50,3.102373455318837,0.99675999999999998
021,exp_g1,l1,t,es,f0u,131,1,NA,lshift,lshift,1.2902785409999997,1,local,50,3.102373455318837,0.78843750000000001
021,exp_g1,l1,f,en,na,073,1,NA,rshift,rshift,1.5293215,1,local,50,3.102373455318837,0.87757600000000002
021,exp_g1,l1,t,es,f0u,138,1,NA,rshift,rshift,1.5321819999999997,1,local,50,3.102373455318837,0.97081249999999997
021,exp_g1,l1,t,es,f0u,132,1,NA,rshift,rshift,2.314465374,1,local,50,3.102373455318837,0.92128125000000005
052,exp_g1,l1,t,es,f0u,137,1,NA,lshift,lshift,1.8160010419385508,1,local,11,0.17727848316107647,0.63512500000000005
052,exp_g1,l1,t,es,f0u,132,1,NA,rshift,rshift,1.645194791974965,1,local,11,0.17727848316107647,0.92128125000000005
052,exp_g1,l1,f,en,na,073,1,NA,rshift,rshift,1.559103832986556,1,local,11,0.17727848316107647,0.87757600000000002
052,exp_g1,l1,t,es,na,014,1,NA,rshift,rshift,1.7956154999333063,1,local,11,0.17727848316107647,0.78868499999999997
052,exp_g1,l1,t,es,na,016,1,NA,rshift,rshift,1.5817970419477225,1,local,11,0.17727848316107647,1.6949019999999999
052,exp_g1,l1,t,es,na,019,1,NA,lshift,lshift,1.856469374975916,1,local,11,0.17727848316107647,1.44153
052,exp_g1,l1,t,es,na,011,1,NA,lshift,lshift,2.2058905419753865,1,local,11,0.17727848316107647,0.94437499999999996
052,exp_g1,l1,t,es,f0u,136,1,NA,rshift,rshift,2.462441291965544,1,local,11,0.17727848316107647,0.97487500000000005
052,exp_g1,l1,t,es,na,015,1,NA,lshift,lshift,1.8622528339983562,1,local,11,0.17727848316107647,0.88211399999999995
052,exp_g1,l1,t,es,na,017,1,NA,lshift,lshift,2.237360666969028,1,local,11,0.17727848316107647,1.328805
052,exp_g1,l1,t,es,f0u,139,1,NA,lshift,lshift,1.7030149589818901,1,local,11,0.17727848316107647,1.1799375000000001
052,exp_g1,l1,f,en,na,072,1,NA,lshift,lshift,1.5036382909953223,1,local,11,0.17727848316107647,0.83155999999999997
052,exp_g1,l1,t,es,na,018,1,NA,rshift,rshift,3.358524832959287,1,local,11,0.17727848316107647,0.90037500000000004
052,exp_g1,l1,f,en,na,066,1,NA,lshift,lshift,1.437447583978694,1,local,11,0.17727848316107647,0.78000100000000006
052,exp_g1,l1,f,en,na,064,1,NA,lshift,lshift,1.475465749976851,1,local,11,0.17727848316107647,0.42857200000000001
052,exp_g1,l1,t,es,f0u,138,1,NA,rshift,rshift,1.5881691669817082,1,local,11,0.17727848316107647,0.97081249999999997
052,exp_g1,l1,t,es,f0u,134,1,NA,rshift,lshift,3.6761766659831627,0,local,11,0.17727848316107647,0.91259374999999998
052,exp_g1,l1,t,es,f0u,133,1,NA,lshift,lshift,1.8766075829365292,1,local,11,0.17727848316107647,0.77825
052,exp_g1,l1,f,en,na,075,1,NA,rshift,rshift,1.5255235000222624,1,local,11,0.17727848316107647,0.913493
052,exp_g1,l1,t,es,na,013,1,NA,lshift,lshift,1.7145794579641596,1,local,11,0.17727848316107647,1.352093
052,exp_g1,l1,f,en,na,071,1,NA,rshift,rshift,1.4236314589420371,1,local,11,0.17727848316107647,1.2611289999999999
052,exp_g1,l1,t,es,f0u,135,1,NA,lshift,lshift,1.5257856659796087,1,local,11,0.17727848316107647,0.85950000000000004
052,exp_g1,l1,f,en,na,067,1,NA,rshift,rshift,1.3086399999666065,1,local,11,0.17727848316107647,0.95080399999999998
052,exp_g1,l1,f,en,na,074,1,NA,lshift,lshift,2.220236916936174,1,local,11,0.17727848316107647,0.396484
052,exp_g1,l1,f,en,na,068,1,NA,lshift,lshift,1.952894833937738,1,local,11,0.17727848316107647,0.60078399999999998
052,exp_g1,l1,t,es,na,012,1,NA,rshift,lshift,-0.3191816250018513,0,local,11,0.17727848316107647,0.82370299999999996
052,exp_g1,l1,f,en,na,063,1,NA,rshift,rshift,1.6027587909835166,1,local,11,0.17727848316107647,0.35137600000000002
052,exp_g1,l1,t,es,na,020,1,NA,rshift,lshift,1.7120324999650567,0,local,11,0.17727848316107647,0.99675999999999998
065,exp_g1,l1,t,es,f0u,140,1,NA,rshift,rshift,1.884153499959968,1,local,2,-0.4977434334907143,1.108625
065,exp_g1,l1,t,es,f0u,135,1,NA,lshift,lshift,1.3745453750221057,1,local,2,-0.4977434334907143,0.85950000000000004
065,exp_g1,l1,f,en,na,075,1,NA,rshift,rshift,1.337865916051686,1,local,2,-0.4977434334907143,0.913493
065,exp_g1,l1,t,es,na,013,1,NA,lshift,lshift,1.6465388331211805,1,local,2,-0.4977434334907143,1.352093
065,exp_g1,l1,t,es,na,012,1,NA,rshift,rshift,1.9744411250303762,1,local,2,-0.4977434334907143,0.82370299999999996
065,exp_g1,l1,t,es,f0u,134,1,NA,rshift,lshift,1.65446495910082,0,local,2,-0.4977434334907143,0.91259374999999998
065,exp_g1,l1,f,en,na,067,1,NA,rshift,rshift,1.2861013330039606,1,local,2,-0.4977434334907143,0.95080399999999998
065,exp_g1,l1,f,en,na,064,1,NA,lshift,lshift,1.494457708093964,1,local,2,-0.4977434334907143,0.42857200000000001
065,exp_g1,l1,t,es,f0u,138,1,NA,rshift,rshift,1.590959707962349,1,local,2,-0.4977434334907143,0.97081249999999997
065,exp_g1,l1,t,es,na,014,1,NA,rshift,rshift,1.5778970410242306,1,local,2,-0.4977434334907143,0.78868499999999997
065,exp_g1,l1,t,es,na,019,1,NA,lshift,lshift,1.443548415973112,1,local,2,-0.4977434334907143,1.44153
065,exp_g1,l1,f,en,na,068,1,NA,lshift,lshift,1.417001915988497,1,local,2,-0.4977434334907143,0.60078399999999998
065,exp_g1,l1,t,es,na,016,1,NA,rshift,rshift,1.264885459112704,1,local,2,-0.4977434334907143,1.6949019999999999
065,exp_g1,l1,f,en,na,066,1,NA,lshift,lshift,1.4726737919619084,1,local,2,-0.4977434334907143,0.78000100000000006
065,exp_g1,l1,f,en,na,073,1,NA,rshift,rshift,1.3114009580448047,1,local,2,-0.4977434334907143,0.87757600000000002
065,exp_g1,l1,t,es,na,020,1,NA,rshift,rshift,1.499309708024152,1,local,2,-0.4977434334907143,0.99675999999999998
065,exp_g1,l1,t,es,na,018,1,NA,rshift,lshift,2.0859889590330423,0,local,2,-0.4977434334907143,0.90037500000000004
065,exp_g1,l1,t,es,f0u,133,1,NA,lshift,lshift,1.8889215839765967,1,local,2,-0.4977434334907143,0.77825
065,exp_g1,l1,t,es,f0u,132,1,NA,rshift,rshift,1.3291005420805886,1,local,2,-0.4977434334907143,0.92128125000000005
065,exp_g1,l1,f,en,na,071,1,NA,rshift,rshift,1.3985203750112132,1,local,2,-0.4977434334907143,1.2611289999999999
065,exp_g1,l1,f,en,na,074,1,NA,lshift,lshift,1.4300575829373523,1,local,2,-0.4977434334907143,0.396484
065,exp_g1,l1,t,es,na,017,1,NA,lshift,lshift,1.367630749996453,1,local,2,-0.4977434334907143,1.328805
065,exp_g1,l1,f,en,na,072,1,NA,lshift,lshift,1.2316005000235142,1,local,2,-0.4977434334907143,0.83155999999999997
065,exp_g1,l1,t,es,f0u,131,1,NA,lshift,lshift,1.3674001250322907,1,local,2,-0.4977434334907143,0.78843750000000001
065,exp_g1,l1,t,es,na,011,1,NA,lshift,rshift,2.2735152920568362,0,local,2,-0.4977434334907143,0.94437499999999996
065,exp_g1,l1,t,es,f0u,136,1,NA,rshift,rshift,1.8906348750023172,1,local,2,-0.4977434334907143,0.97487500000000005
065,exp_g1,l1,t,es,f0u,139,1,NA,lshift,lshift,1.594503292039968,1,local,2,-0.4977434334907143,1.1799375000000001
065,exp_g1,l1,f,en,na,063,1,NA,rshift,rshift,1.444762625126332,1,local,2,-0.4977434334907143,0.35137600000000002
065,exp_g1,l1,t,es,f0u,137,1,NA,lshift,lshift,1.447604500019923,1,local,2,-0.4977434334907143,0.63512500000000005
065,exp_g1,l1,t,es,na,015,1,NA,lshift,lshift,1.250236708008744,1,local,2,-0.4977434334907143,0.88211399999999995
068,exp_g1,l1,t,es,f0u,131,1,NA,lshift,lshift,2.6482286669919266,1,local,1,-0.5727458686742466,0.78843750000000001
068,exp_g1,l1,f,en,na,067,1,NA,rshift,rshift,1.5410558330114041,1,local,1,-0.5727458686742466,0.95080399999999998
068,exp_g1,l1,t,es,f0u,140,1,NA,rshift,lshift,3.3746589580485598,0,local,1,-0.5727458686742466,1.108625
068,exp_g1,l1,t,es,f0u,138,1,NA,rshift,rshift,2.230758041015826,1,local,1,-0.5727458686742466,0.97081249999999997
068,exp_g1,l1,f,en,na,073,1,NA,rshift,rshift,1.4271088750673235,1,local,1,-0.5727458686742466,0.87757600000000002
068,exp_g1,l1,f,en,na,075,1,NA,rshift,rshift,1.5274388329999224,1,local,1,-0.5727458686742466,0.913493
068,exp_g1,l1,t,es,f0u,139,1,NA,lshift,lshift,1.6633910830542444,1,local,1,-0.5727458686742466,1.1799375000000001
068,exp_g1,l1,t,es,na,017,1,NA,lshift,lshift,2.483850832967721,1,local,1,-0.5727458686742466,1.328805
068,exp_g1,l1,t,es,na,015,1,NA,lshift,lshift,3.9517269159332518,1,local,1,-0.5727458686742466,0.88211399999999995
068,exp_g1,l1,t,es,f0u,135,1,NA,lshift,lshift,1.5410539990030228,1,local,1,-0.5727458686742466,0.85950000000000004
068,exp_g1,l1,f,en,na,072,1,NA,lshift,lshift,1.3989797499585526,1,local,1,-0.5727458686742466,0.83155999999999997
068,exp_g1,l1,f,en,na,064,1,NA,lshift,lshift,1.6109991660385132,1,local,1,-0.5727458686742466,0.42857200000000001
068,exp_g1,l1,t,es,na,012,1,NA,rshift,rshift,2.032286582953044,1,local,1,-0.5727458686742466,0.82370299999999996
068,exp_g1,l1,t,es,f0u,132,1,NA,rshift,rshift,1.6320268329773098,1,local,1,-0.5727458686742466,0.92128125000000005
068,exp_g1,l1,t,es,na,018,1,NA,rshift,lshift,3.855235498948954,0,local,1,-0.5727458686742466,0.90037500000000004
068,exp_g1,l1,t,es,na,011,1,NA,lshift,lshift,1.7226023739995435,1,local,1,-0.5727458686742466,0.94437499999999996
068,exp_g1,l1,f,en,na,074,1,NA,lshift,lshift,1.4552364170348124,1,local,1,-0.5727458686742466,0.396484
068,exp_g1,l1,t,es,na,013,1,NA,lshift,rshift,2.0664679999112785,0,local,1,-0.5727458686742466,1.352093
068,exp_g1,l1,t,es,f0u,136,1,NA,rshift,rshift,2.496411208019592,1,local,1,-0.5727458686742466,0.97487500000000005
068,exp_g1,l1,t,es,f0u,134,1,NA,rshift,lshift,2.2138984579863026,0,local,1,-0.5727458686742466,0.91259374999999998
068,exp_g1,l1,f,en,na,066,1,NA,lshift,lshift,1.4713478329714165,1,local,1,-0.5727458686742466,0.78000100000000006
068,exp_g1,l1,f,en,na,063,1,NA,rshift,rshift,1.4159445410828813,1,local,1,-0.5727458686742466,0.35137600000000002
068,exp_g1,l1,f,en,na,071,1,NA,rshift,rshift,1.4439386250364632,1,local,1,-0.5727458686742466,1.2611289999999999
068,exp_g1,l1,t,es,na,019,1,NA,lshift,lshift,1.6839006660266598,1,local,1,-0.5727458686742466,1.44153
068,exp_g1,l1,t,es,na,016,1,NA,rshift,rshift,1.678890083002627,1,local,1,-0.5727458686742466,1.6949019999999999
068,exp_g1,l1,t,es,f0u,137,1,NA,lshift,lshift,1.6373043750943617,1,local,1,-0.5727458686742466,0.63512500000000005
068,exp_g1,l1,t,es,f0u,133,1,NA,lshift,lshift,1.777874708033167,1,local,1,-0.5727458686742466,0.77825
068,exp_g1,l1,f,en,na,068,1,NA,lshift,lshift,1.8017555000353456,1,local,1,-0.5727458686742466,0.60078399999999998
068,exp_g1,l1,t,es,na,014,1,NA,rshift,rshift,1.8585471239998566,1,local,1,-0.5727458686742466,0.78868499999999997
028,exp_g2,l2,f,en,na,102,1,NA,rshift,rshift,1.0143881249748916,1,local,3,-0.422740998307182,1.0211049999999999
028,exp_g2,l2,t,es,na,027,1,NA,lshift,lshift,1.3276900000221057,1,local,3,-0.422740998307182,0.61924599999999996
028,exp_g2,l2,f,en,na,106,1,NA,rshift,rshift,1.3908916249343306,1,local,3,-0.422740998307182,1.203962
028,exp_g2,l2,t,es,f0u,149,1,NA,lshift,lshift,1.436851249990985,1,local,3,-0.422740998307182,1.2804374999999999
028,exp_g2,l2,t,es,f0u,145,1,NA,lshift,lshift,1.2159836659673604,1,local,3,-0.422740998307182,0.82499999999999996
028,exp_g2,l2,t,es,na,023,1,NA,lshift,lshift,1.405416332908064,1,local,3,-0.422740998307182,0.80629600000000001
028,exp_g2,l2,f,en,na,098,1,NA,rshift,rshift,1.6582773340279162,1,local,3,-0.422740998307182,0.37614199999999998
028,exp_g2,l2,f,en,na,108,1,NA,rshift,rshift,3.064781000002399,1,local,3,-0.422740998307182,0.81899500000000003
028,exp_g2,l2,t,es,f0u,148,1,NA,rshift,rshift,2.2386805829023944,1,local,3,-0.422740998307182,0.73899999999999999
028,exp_g2,l2,t,es,f0u,144,1,NA,rshift,rshift,1.933590374976397,1,local,3,-0.422740998307182,0.69834375000000004
028,exp_g2,l2,f,en,na,103,1,NA,lshift,lshift,1.4761489999776707,1,local,3,-0.422740998307182,0.59492500000000004
028,exp_g2,l2,f,en,na,107,1,NA,lshift,lshift,1.38926379197903,1,local,3,-0.422740998307182,0.74009499999999995
028,exp_g2,l2,f,en,na,110,1,NA,rshift,rshift,1.4035398329337387,1,local,3,-0.422740998307182,0.97327799999999998
028,exp_g2,l2,t,es,na,026,1,NA,rshift,rshift,1.340842958952129,1,local,3,-0.422740998307182,0.97764099999999998
028,exp_g2,l2,f,en,na,099,1,NA,lshift,lshift,1.0320618329553681,1,local,3,-0.422740998307182,0.46240500000000001
028,exp_g2,l2,t,es,f0u,146,1,NA,rshift,rshift,1.3866134169958533,1,local,3,-0.422740998307182,1.6362812499999999
028,exp_g2,l2,f,en,na,109,1,NA,lshift,lshift,1.3173605830753892,1,local,3,-0.422740998307182,0.34409699999999999
028,exp_g2,l2,t,es,f0u,141,1,NA,lshift,lshift,1.2885990000413732,1,local,3,-0.422740998307182,0.75509375000000001
028,exp_g2,l2,t,es,na,022,1,NA,rshift,rshift,1.154750291967288,1,local,3,-0.422740998307182,0.86396300000000004
028,exp_g2,l2,t,es,na,028,1,NA,rshift,rshift,1.0150615829821825,1,local,3,-0.422740998307182,0.93781599999999998
028,exp_g2,l2,t,es,na,030,1,NA,rshift,rshift,1.3352750000649989,1,local,3,-0.422740998307182,1.133667
028,exp_g2,l2,t,es,na,021,1,NA,lshift,lshift,1.482419792051144,1,local,3,-0.422740998307182,0.70402100000000001
028,exp_g2,l2,f,en,na,101,1,NA,lshift,lshift,1.153650916955605,1,local,3,-0.422740998307182,0.92448399999999997
028,exp_g2,l2,t,es,f0u,150,1,NA,rshift,lshift,0.9775629170769823,0,local,3,-0.422740998307182,0.82653125000000005
006,exp_g2,l2,t,es,na,029,1,NA,lshift,rshift,1.8063989999999999,0,local,-16,-1.8477872667942958,1.122001
006,exp_g2,l1,t,es,f0c,153,1,NA,lshift,rshift,2.12205,0,local,-16,-1.8477872667942958,0.77825
006,exp_g2,l2,t,es,na,028,1,NA,rshift,rshift,1.542984,1,local,-16,-1.8477872667942958,0.93781599999999998
006,exp_g2,l1,t,es,f0c,158,1,NA,rshift,rshift,2.3178875,1,local,-16,-1.8477872667942958,0.97081249999999997
006,exp_g2,l2,t,es,na,022,1,NA,rshift,rshift,1.972537,1,local,-16,-1.8477872667942958,0.86396300000000004
006,exp_g2,l1,t,es,f0c,152,1,NA,rshift,rshift,1.7874187499999998,1,local,-16,-1.8477872667942958,0.92128125000000005
006,exp_g2,l2,t,es,na,021,1,NA,lshift,lshift,1.7644790000000001,1,local,-16,-1.8477872667942958,0.70402100000000001
006,exp_g2,l1,t,es,f0c,157,1,NA,lshift,lshift,1.828275,1,local,-16,-1.8477872667942958,0.63512500000000005
006,exp_g2,l1,t,es,f0c,160,1,NA,rshift,rshift,1.858375,1,local,-16,-1.8477872667942958,1.108625
006,exp_g2,l1,t,es,f0c,154,1,NA,rshift,lshift,2.17700625,0,local,-16,-1.8477872667942958,0.91259374999999998
006,exp_g2,l2,t,es,na,026,1,NA,rshift,rshift,1.621059,1,local,-16,-1.8477872667942958,0.97764099999999998
006,exp_g2,l2,t,es,na,025,1,NA,lshift,rshift,1.727106,0,local,-16,-1.8477872667942958,0.909694
006,exp_g2,l1,t,es,f0c,155,1,NA,lshift,lshift,1.6507,1,local,-16,-1.8477872667942958,0.85950000000000004
006,exp_g2,l2,f,en,na,101,1,NA,lshift,lshift,1.5456159999999999,1,local,-16,-1.8477872667942958,0.92448399999999997
006,exp_g2,l1,t,es,f0c,159,1,NA,lshift,lshift,1.8936624999999998,1,local,-16,-1.8477872667942958,1.1799375000000001
006,exp_g2,l2,f,en,na,098,1,NA,rshift,rshift,1.905458,1,local,-16,-1.8477872667942958,0.37614199999999998
006,exp_g2,l1,t,es,f0c,151,1,NA,lshift,lshift,1.7830624999999998,1,local,-16,-1.8477872667942958,0.78843750000000001
006,exp_g2,l2,f,en,na,106,1,NA,rshift,rshift,1.616338,1,local,-16,-1.8477872667942958,1.203962
006,exp_g2,l2,f,en,na,102,1,NA,rshift,rshift,1.566995,1,local,-16,-1.8477872667942958,1.0211049999999999
006,exp_g2,l2,f,en,na,107,1,NA,lshift,lshift,2.0646050000000002,1,local,-16,-1.8477872667942958,0.74009499999999995
006,exp_g2,l2,f,en,na,108,1,NA,rshift,rshift,1.774505,1,local,-16,-1.8477872667942958,0.81899500000000003
006,exp_g2,l1,t,es,f0c,156,1,NA,rshift,rshift,2.488225,1,local,-16,-1.8477872667942958,0.97487500000000005
006,exp_g2,l2,t,es,na,030,1,NA,rshift,rshift,2.745333,1,local,-16,-1.8477872667942958,1.133667
006,exp_g2,l2,f,en,na,099,1,NA,lshift,lshift,1.505595,1,local,-16,-1.8477872667942958,0.46240500000000001
006,exp_g2,l2,f,en,na,103,1,NA,lshift,lshift,1.5229750000000002,1,local,-16,-1.8477872667942958,0.59492500000000004
006,exp_g2,l2,t,es,na,027,1,NA,lshift,lshift,1.746054,1,local,-16,-1.8477872667942958,0.61924599999999996
006,exp_g2,l2,f,en,na,109,1,NA,lshift,lshift,1.6798029999999997,1,local,-16,-1.8477872667942958,0.34409699999999999
006,exp_g2,l2,t,es,na,023,1,NA,lshift,rshift,2.0215039999999997,0,local,-16,-1.8477872667942958,0.80629600000000001
006,exp_g2,l2,t,es,na,024,1,NA,rshift,rshift,2.029933,1,local,-16,-1.8477872667942958,0.81726699999999997
006,exp_g2,l2,f,en,na,110,1,NA,rshift,rshift,1.6249219999999998,1,local,-16,-1.8477872667942958,0.97327799999999998
021,exp_g1,l1,t,es,na,019,1,NA,lshift,lshift,1.3384699999999998,1,local,50,3.102373455318837,1.44153
021,exp_g1,l1,t,es,f0u,132,1,NA,rshift,rshift,1.35941875,1,local,50,3.102373455318837,0.92128125000000005
021,exp_g1,l1,t,es,na,011,1,NA,lshift,lshift,2.686625,1,local,50,3.102373455318837,0.94437499999999996
021,exp_g1,l1,f,en,na,064,1,NA,lshift,lshift,1.249728,1,local,50,3.102373455318837,0.42857200000000001
021,exp_g1,l1,f,en,na,073,1,NA,rshift,rshift,1.2005240000000001,1,local,50,3.102373455318837,0.87757600000000002
021,exp_g1,l1,t,es,na,016,1,NA,rshift,rshift,1.1849980000000002,1,local,50,3.102373455318837,1.6949019999999999
021,exp_g1,l1,t,es,na,017,1,NA,lshift,lshift,1.3326950000000002,1,local,50,3.102373455318837,1.328805
021,exp_g1,l1,t,es,f0u,138,1,NA,rshift,rshift,1.3295874999999997,1,local,50,3.102373455318837,0.97081249999999997
021,exp_g1,l1,t,es,f0u,133,1,NA,lshift,lshift,1.4983500000000003,1,local,50,3.102373455318837,0.77825
021,exp_g1,l1,t,es,na,013,1,NA,lshift,lshift,1.072107,1,local,50,3.102373455318837,1.352093
021,exp_g1,l1,t,es,f0u,135,1,NA,lshift,lshift,1.2746999999999997,1,local,50,3.102373455318837,0.85950000000000004
021,exp_g1,l1,t,es,na,018,1,NA,rshift,rshift,1.463225,1,local,50,3.102373455318837,0.90037500000000004
021,exp_g1,l1,t,es,na,015,1,NA,lshift,lshift,1.4186860000000003,1,local,50,3.102373455318837,0.88211399999999995
021,exp_g1,l1,t,es,na,020,1,NA,rshift,rshift,1.4017399999999998,1,local,50,3.102373455318837,0.99675999999999998
021,exp_g1,l1,t,es,na,014,1,NA,rshift,rshift,1.3567150000000001,1,local,50,3.102373455318837,0.78868499999999997
021,exp_g1,l1,f,en,na,074,1,NA,lshift,lshift,1.316816,1,local,50,3.102373455318837,0.396484
021,exp_g1,l1,f,en,na,063,1,NA,rshift,rshift,1.3784239999999999,1,local,50,3.102373455318837,0.35137600000000002
021,exp_g1,l1,t,es,f0u,131,1,NA,lshift,lshift,1.1288624999999999,1,local,50,3.102373455318837,0.78843750000000001
021,exp_g1,l1,f,en,na,067,1,NA,rshift,rshift,1.1605960000000002,1,local,50,3.102373455318837,0.95080399999999998
021,exp_g1,l1,t,es,f0u,137,1,NA,lshift,lshift,1.5629750000000002,1,local,50,3.102373455318837,0.63512500000000005
021,exp_g1,l1,f,en,na,071,1,NA,rshift,rshift,1.382571,1,local,50,3.102373455318837,1.2611289999999999
021,exp_g1,l1,t,es,f0u,139,1,NA,lshift,lshift,1.4448625,1,local,50,3.102373455318837,1.1799375000000001
021,exp_g1,l1,f,en,na,068,1,NA,lshift,lshift,1.5098159999999998,1,local,50,3.102373455318837,0.60078399999999998
021,exp_g1,l1,t,es,f0u,134,1,NA,rshift,rshift,1.41070625,1,local,50,3.102373455318837,0.91259374999999998
021,exp_g1,l1,f,en,na,066,1,NA,lshift,lshift,1.2804990000000003,1,local,50,3.102373455318837,0.78000100000000006
021,exp_g1,l1,f,en,na,075,1,NA,rshift,rshift,1.2498070000000001,1,local,50,3.102373455318837,0.913493
021,exp_g1,l1,t,es,f0u,140,1,NA,rshift,rshift,1.3394750000000002,1,local,50,3.102373455318837,1.108625
021,exp_g1,l1,t,es,f0u,136,1,NA,rshift,rshift,1.415825,1,local,50,3.102373455318837,0.97487500000000005
021,exp_g1,l1,f,en,na,072,1,NA,lshift,lshift,1.10254,1,local,50,3.102373455318837,0.83155999999999997
021,exp_g1,l1,t,es,na,012,1,NA,rshift,rshift,1.320197,1,local,50,3.102373455318837,0.82370299999999996
027,exp_g2,l2,t,es,na,021,1,NA,lshift,lshift,1.8402789999999998,1,local,14,0.4022857887116734,0.70402100000000001
027,exp_g2,l1,t,es,f0c,159,1,NA,lshift,lshift,1.4861625,1,local,14,0.4022857887116734,1.1799375000000001
027,exp_g2,l2,f,en,na,102,1,NA,rshift,rshift,1.1630950000000002,1,local,14,0.4022857887116734,1.0211049999999999
027,exp_g2,l2,f,en,na,109,1,NA,lshift,lshift,1.503603,1,local,14,0.4022857887116734,0.34409699999999999
027,exp_g2,l1,t,es,f0c,157,1,NA,lshift,lshift,1.560775,1,local,14,0.4022857887116734,0.63512500000000005
027,exp_g2,l2,t,es,na,022,1,NA,rshift,rshift,1.3472369999999998,1,local,14,0.4022857887116734,0.86396300000000004
027,exp_g2,l2,t,es,na,027,1,NA,lshift,lshift,1.4264540000000001,1,local,14,0.4022857887116734,0.61924599999999996
027,exp_g2,l2,t,es,na,026,1,NA,rshift,rshift,1.3185589999999998,1,local,14,0.4022857887116734,0.97764099999999998
027,exp_g2,l1,t,es,f0c,151,1,NA,lshift,lshift,2.1310625,1,local,14,0.4022857887116734,0.78843750000000001
027,exp_g2,l2,f,en,na,107,1,NA,lshift,lshift,1.5215050000000003,1,local,14,0.4022857887116734,0.74009499999999995
027,exp_g2,l2,t,es,na,025,1,NA,lshift,rshift,1.7756059999999998,0,local,14,0.4022857887116734,0.909694
027,exp_g2,l2,f,en,na,108,1,NA,rshift,rshift,1.3724049999999997,1,local,14,0.4022857887116734,0.81899500000000003
027,exp_g2,l2,f,en,na,098,1,NA,rshift,rshift,1.3930580000000001,1,local,14,0.4022857887116734,0.37614199999999998
027,exp_g2,l1,t,es,f0c,154,1,NA,rshift,lshift,2.74060625,0,local,14,0.4022857887116734,0.91259374999999998
027,exp_g2,l2,t,es,na,023,1,NA,lshift,lshift,1.2124039999999998,1,local,14,0.4022857887116734,0.80629600000000001
027,exp_g2,l2,t,es,na,030,1,NA,rshift,rshift,1.868233,1,local,14,0.4022857887116734,1.133667
027,exp_g2,l2,f,en,na,106,1,NA,rshift,rshift,1.438938,1,local,14,0.4022857887116734,1.203962
027,exp_g2,l1,t,es,f0c,156,1,NA,rshift,rshift,3.4430250000000004,1,local,14,0.4022857887116734,0.97487500000000005
027,exp_g2,l1,t,es,f0c,152,1,NA,rshift,rshift,1.6133187500000001,1,local,14,0.4022857887116734,0.92128125000000005
027,exp_g2,l2,f,en,na,099,1,NA,lshift,lshift,1.180395,1,local,14,0.4022857887116734,0.46240500000000001
027,exp_g2,l1,t,es,f0c,153,1,NA,lshift,lshift,3.5748500000000005,1,local,14,0.4022857887116734,0.77825
027,exp_g2,l2,f,en,na,101,1,NA,lshift,lshift,1.419616,1,local,14,0.4022857887116734,0.92448399999999997
027,exp_g2,l1,t,es,f0c,155,1,NA,lshift,lshift,1.5332,1,local,14,0.4022857887116734,0.85950000000000004
027,exp_g2,l1,t,es,f0c,158,1,NA,rshift,rshift,1.4065875,1,local,14,0.4022857887116734,0.97081249999999997
027,exp_g2,l2,f,en,na,103,1,NA,lshift,lshift,1.4047749999999999,1,local,14,0.4022857887116734,0.59492500000000004
027,exp_g2,l2,t,es,na,024,1,NA,rshift,rshift,3.781233,1,local,14,0.4022857887116734,0.81726699999999997
027,exp_g2,l2,f,en,na,110,1,NA,rshift,lshift,1.610522,0,local,14,0.4022857887116734,0.97327799999999998
027,exp_g2,l2,t,es,na,028,1,NA,rshift,lshift,1.9913839999999998,0,local,14,0.4022857887116734,0.93781599999999998
027,exp_g2,l1,t,es,f0c,160,1,NA,rshift,rshift,2.917775,1,local,14,0.4022857887116734,1.108625
029,exp_g2,l2,t,es,na,027,1,NA,lshift,lshift,1.5666540000000002,1,local,0,-0.6477483038577789,0.61924599999999996
029,exp_g2,l2,t,es,na,022,1,NA,rshift,rshift,1.705037,1,local,0,-0.6477483038577789,0.86396300000000004
029,exp_g2,l2,f,en,na,099,1,NA,lshift,lshift,1.403395,1,local,0,-0.6477483038577789,0.46240500000000001
029,exp_g2,l1,t,es,f0c,158,1,NA,rshift,rshift,1.8035875,1,local,0,-0.6477483038577789,0.97081249999999997
029,exp_g2,l2,t,es,na,023,1,NA,lshift,lshift,1.7723039999999997,1,local,0,-0.6477483038577789,0.80629600000000001
029,exp_g2,l2,t,es,na,030,1,NA,rshift,rshift,2.213533,1,local,0,-0.6477483038577789,1.133667
029,exp_g2,l2,f,en,na,102,1,NA,rshift,lshift,3.4604950000000003,0,local,0,-0.6477483038577789,1.0211049999999999
029,exp_g2,l1,t,es,f0c,151,1,NA,lshift,lshift,1.5251625,1,local,0,-0.6477483038577789,0.78843750000000001
029,exp_g2,l1,t,es,f0c,154,1,NA,rshift,lshift,2.2035062499999998,0,local,0,-0.6477483038577789,0.91259374999999998
029,exp_g2,l1,t,es,f0c,156,1,NA,rshift,rshift,1.8276250000000003,1,local,0,-0.6477483038577789,0.97487500000000005
029,exp_g2,l2,f,en,na,107,1,NA,lshift,lshift,1.535905,1,local,0,-0.6477483038577789,0.74009499999999995
029,exp_g2,l1,t,es,f0c,159,1,NA,lshift,lshift,1.7001625,1,local,0,-0.6477483038577789,1.1799375000000001
029,exp_g2,l2,f,en,na,103,1,NA,lshift,lshift,1.8558750000000002,1,local,0,-0.6477483038577789,0.59492500000000004
029,exp_g2,l2,f,en,na,098,1,NA,rshift,rshift,1.839558,1,local,0,-0.6477483038577789,0.37614199999999998
029,exp_g2,l2,t,es,na,028,1,NA,rshift,lshift,2.792884,0,local,0,-0.6477483038577789,0.93781599999999998
029,exp_g2,l1,t,es,f0c,157,1,NA,lshift,lshift,1.8760750000000002,1,local,0,-0.6477483038577789,0.63512500000000005
029,exp_g2,l2,t,es,na,024,1,NA,rshift,rshift,2.079133,1,local,0,-0.6477483038577789,0.81726699999999997
029,exp_g2,l2,f,en,na,106,1,NA,rshift,rshift,1.490638,1,local,0,-0.6477483038577789,1.203962
029,exp_g2,l2,f,en,na,108,1,NA,rshift,rshift,1.8028049999999998,1,local,0,-0.6477483038577789,0.81899500000000003
029,exp_g2,l1,t,es,f0c,153,1,NA,lshift,lshift,2.80125,1,local,0,-0.6477483038577789,0.77825
029,exp_g2,l1,t,es,f0c,160,1,NA,rshift,rshift,2.479675,1,local,0,-0.6477483038577789,1.108625
029,exp_g2,l2,t,es,na,029,1,NA,lshift,lshift,1.7774990000000002,1,local,0,-0.6477483038577789,1.122001
029,exp_g2,l2,t,es,na,025,1,NA,lshift,lshift,1.655106,1,local,0,-0.6477483038577789,0.909694
029,exp_g2,l2,f,en,na,110,1,NA,rshift,rshift,1.458322,1,local,0,-0.6477483038577789,0.97327799999999998
029,exp_g2,l1,t,es,f0c,152,1,NA,rshift,rshift,1.64541875,1,local,0,-0.6477483038577789,0.92128125000000005
029,exp_g2,l2,f,en,na,109,1,NA,lshift,lshift,1.589703,1,local,0,-0.6477483038577789,0.34409699999999999
029,exp_g2,l2,t,es,na,021,1,NA,lshift,lshift,1.3615789999999999,1,local,0,-0.6477483038577789,0.70402100000000001
029,exp_g2,l1,t,es,f0c,155,1,NA,lshift,lshift,1.5233999999999996,1,local,0,-0.6477483038577789,0.85950000000000004
029,exp_g2,l2,f,en,na,101,1,NA,lshift,lshift,1.438516,1,local,0,-0.6477483038577789,0.92448399999999997
029,exp_g2,l2,t,es,na,026,1,NA,rshift,rshift,1.269359,1,local,0,-0.6477483038577789,0.97764099999999998
033,exp_g2,l1,t,es,f0c,157,1,NA,lshift,lshift,1.4640750000000002,1,local,12,0.2522809183446088,0.63512500000000005
033,exp_g2,l2,t,es,na,025,1,NA,lshift,lshift,2.010306,1,local,12,0.2522809183446088,0.909694
033,exp_g2,l2,t,es,na,028,1,NA,rshift,rshift,1.532684,1,local,12,0.2522809183446088,0.93781599999999998
033,exp_g2,l1,t,es,f0c,158,1,NA,rshift,rshift,1.3300874999999999,1,local,12,0.2522809183446088,0.97081249999999997
033,exp_g2,l2,f,en,na,107,1,NA,lshift,lshift,1.3073050000000004,1,local,12,0.2522809183446088,0.74009499999999995
033,exp_g2,l2,t,es,na,027,1,NA,lshift,lshift,1.3637540000000001,1,local,12,0.2522809183446088,0.61924599999999996
033,exp_g2,l1,t,es,f0c,156,1,NA,rshift,rshift,1.743125,1,local,12,0.2522809183446088,0.97487500000000005
033,exp_g2,l2,f,en,na,106,1,NA,rshift,rshift,1.171638,1,local,12,0.2522809183446088,1.203962
033,exp_g2,l2,t,es,na,022,1,NA,rshift,rshift,1.2125369999999998,1,local,12,0.2522809183446088,0.86396300000000004
033,exp_g2,l2,t,es,na,024,1,NA,rshift,rshift,1.5893330000000003,1,local,12,0.2522809183446088,0.81726699999999997
033,exp_g2,l1,t,es,f0c,153,1,NA,lshift,lshift,1.4833500000000002,1,local,12,0.2522809183446088,0.77825
033,exp_g2,l2,f,en,na,103,1,NA,lshift,lshift,1.362975,1,local,12,0.2522809183446088,0.59492500000000004
033,exp_g2,l2,f,en,na,102,1,NA,rshift,rshift,1.0416950000000003,1,local,12,0.2522809183446088,1.0211049999999999
033,exp_g2,l1,t,es,f0c,151,1,NA,lshift,lshift,1.1913624999999999,1,local,12,0.2522809183446088,0.78843750000000001
033,exp_g2,l1,t,es,f0c,152,1,NA,rshift,rshift,1.4025187499999998,1,local,12,0.2522809183446088,0.92128125000000005
033,exp_g2,l2,f,en,na,109,1,NA,lshift,lshift,1.264503,1,local,12,0.2522809183446088,0.34409699999999999
033,exp_g2,l1,t,es,f0c,159,1,NA,lshift,lshift,1.3934624999999998,1,local,12,0.2522809183446088,1.1799375000000001
033,exp_g2,l2,f,en,na,110,1,NA,rshift,rshift,1.389522,1,local,12,0.2522809183446088,0.97327799999999998
033,exp_g2,l2,f,en,na,108,1,NA,rshift,rshift,1.4051049999999998,1,local,12,0.2522809183446088,0.81899500000000003
033,exp_g2,l2,f,en,na,098,1,NA,rshift,rshift,1.4476580000000001,1,local,12,0.2522809183446088,0.37614199999999998
033,exp_g2,l1,t,es,f0c,155,1,NA,lshift,lshift,1.299,1,local,12,0.2522809183446088,0.85950000000000004
033,exp_g2,l2,t,es,na,029,1,NA,lshift,rshift,2.566999,0,local,12,0.2522809183446088,1.122001
033,exp_g2,l2,t,es,na,023,1,NA,lshift,lshift,1.5234039999999998,1,local,12,0.2522809183446088,0.80629600000000001
033,exp_g2,l2,t,es,na,030,1,NA,rshift,rshift,1.2776330000000002,1,local,12,0.2522809183446088,1.133667
033,exp_g2,l1,t,es,f0c,160,1,NA,rshift,rshift,1.505175,1,local,12,0.2522809183446088,1.108625
033,exp_g2,l2,f,en,na,101,1,NA,lshift,lshift,1.217416,1,local,12,0.2522809183446088,0.92448399999999997
033,exp_g2,l2,t,es,na,026,1,NA,rshift,rshift,1.213859,1,local,12,0.2522809183446088,0.97764099999999998
033,exp_g2,l1,t,es,f0c,154,1,NA,rshift,rshift,2.56150625,1,local,12,0.2522809183446088,0.91259374999999998
033,exp_g2,l2,t,es,na,021,1,NA,lshift,lshift,1.5439790000000002,1,local,12,0.2522809183446088,0.70402100000000001
033,exp_g2,l2,f,en,na,099,1,NA,lshift,lshift,1.236795,1,local,12,0.2522809183446088,0.46240500000000001
042,exp_g1,l1,t,es,na,011,1,NA,lshift,lshift,2.3621250000000003,1,local,22,1.002305270179932,0.94437499999999996
042,exp_g1,l1,t,es,na,018,1,NA,rshift,rshift,1.444325,1,local,22,1.002305270179932,0.90037500000000004
042,exp_g1,l1,t,es,na,016,1,NA,rshift,rshift,1.2527980000000003,1,local,22,1.002305270179932,1.6949019999999999
042,exp_g1,l1,f,en,na,067,1,NA,rshift,rshift,1.160496,1,local,22,1.002305270179932,0.95080399999999998
042,exp_g1,l1,t,es,f0u,136,1,NA,rshift,rshift,2.593025,1,local,22,1.002305270179932,0.97487500000000005
042,exp_g1,l1,f,en,na,068,1,NA,lshift,lshift,1.636816,1,local,22,1.002305270179932,0.60078399999999998
042,exp_g1,l1,f,en,na,064,1,NA,lshift,lshift,1.320128,1,local,22,1.002305270179932,0.42857200000000001
042,exp_g1,l1,f,en,na,073,1,NA,rshift,rshift,1.225724,1,local,22,1.002305270179932,0.87757600000000002
042,exp_g1,l1,f,en,na,072,1,NA,lshift,lshift,1.2267400000000002,1,local,22,1.002305270179932,0.83155999999999997
042,exp_g1,l1,f,en,na,075,1,NA,rshift,rshift,1.2046070000000002,1,local,22,1.002305270179932,0.913493
042,exp_g1,l1,t,es,f0u,132,1,NA,rshift,rshift,2.1262187499999996,1,local,22,1.002305270179932,0.92128125000000005
042,exp_g1,l1,t,es,f0u,137,1,NA,lshift,lshift,1.4417750000000003,1,local,22,1.002305270179932,0.63512500000000005
042,exp_g1,l1,t,es,na,019,1,NA,lshift,lshift,1.31377,1,local,22,1.002305270179932,1.44153
042,exp_g1,l1,t,es,f0u,135,1,NA,lshift,lshift,1.4337,1,local,22,1.002305270179932,0.85950000000000004
042,exp_g1,l1,f,en,na,063,1,NA,rshift,rshift,1.5909239999999998,1,local,22,1.002305270179932,0.35137600000000002
042,exp_g1,l1,f,en,na,074,1,NA,lshift,lshift,1.503816,1,local,22,1.002305270179932,0.396484
042,exp_g1,l1,t,es,f0u,140,1,NA,rshift,rshift,1.7148750000000001,1,local,22,1.002305270179932,1.108625
042,exp_g1,l1,t,es,f0u,133,1,NA,lshift,lshift,1.5321500000000001,1,local,22,1.002305270179932,0.77825
042,exp_g1,l1,t,es,na,012,1,NA,rshift,rshift,2.1615970000000004,1,local,22,1.002305270179932,0.82370299999999996
042,exp_g1,l1,f,en,na,071,1,NA,rshift,rshift,1.1844710000000003,1,local,22,1.002305270179932,1.2611289999999999
042,exp_g1,l1,t,es,f0u,138,1,NA,rshift,rshift,1.4864875,1,local,22,1.002305270179932,0.97081249999999997
042,exp_g1,l1,t,es,na,020,1,NA,rshift,rshift,1.41194,1,local,22,1.002305270179932,0.99675999999999998
042,exp_g1,l1,t,es,na,014,1,NA,rshift,rshift,1.481415,1,local,22,1.002305270179932,0.78868499999999997
042,exp_g1,l1,t,es,na,017,1,NA,lshift,lshift,1.344195,1,local,22,1.002305270179932,1.328805
042,exp_g1,l1,f,en,na,066,1,NA,lshift,lshift,1.4456989999999998,1,local,22,1.002305270179932,0.78000100000000006
042,exp_g1,l1,t,es,na,013,1,NA,lshift,lshift,1.558007,1,local,22,1.002305270179932,1.352093
042,exp_g1,l1,t,es,f0u,139,1,NA,lshift,lshift,1.6950625,1,local,22,1.002305270179932,1.1799375000000001
042,exp_g1,l1,t,es,na,015,1,NA,lshift,lshift,1.4815860000000003,1,local,22,1.002305270179932,0.88211399999999995
042,exp_g1,l1,t,es,f0u,134,1,NA,rshift,rshift,1.9283062499999999,1,local,22,1.002305270179932,0.91259374999999998
042,exp_g1,l1,t,es,f0u,131,1,NA,lshift,lshift,1.4220625,1,local,22,1.002305270179932,0.78843750000000001
054,exp_g2,l1,t,es,f0c,157,1,NA,lshift,lshift,2.127875,1,local,8,-0.047728822389520455,0.63512500000000005
054,exp_g2,l1,t,es,f0c,153,1,NA,lshift,lshift,1.93045,1,local,8,-0.047728822389520455,0.77825
054,exp_g2,l2,f,en,na,108,1,NA,rshift,rshift,1.9886049999999997,1,local,8,-0.047728822389520455,0.81899500000000003
054,exp_g2,l2,f,en,na,107,1,NA,lshift,lshift,1.9682050000000002,1,local,8,-0.047728822389520455,0.74009499999999995
054,exp_g2,l1,t,es,f0c,159,1,NA,lshift,lshift,2.4428624999999995,1,local,8,-0.047728822389520455,1.1799375000000001
054,exp_g2,l2,t,es,na,028,1,NA,rshift,rshift,2.1364840000000003,1,local,8,-0.047728822389520455,0.93781599999999998
054,exp_g2,l2,f,en,na,106,1,NA,rshift,rshift,1.9760380000000002,1,local,8,-0.047728822389520455,1.203962
054,exp_g2,l1,t,es,f0c,152,1,NA,rshift,rshift,1.6864187499999999,1,local,8,-0.047728822389520455,0.92128125000000005
054,exp_g2,l2,t,es,na,027,1,NA,lshift,lshift,1.439054,1,local,8,-0.047728822389520455,0.61924599999999996
054,exp_g2,l2,t,es,na,029,1,NA,lshift,lshift,1.669299,1,local,8,-0.047728822389520455,1.122001
054,exp_g2,l2,t,es,na,021,1,NA,lshift,lshift,1.552679,1,local,8,-0.047728822389520455,0.70402100000000001
054,exp_g2,l2,t,es,na,025,1,NA,lshift,lshift,1.5214059999999998,1,local,8,-0.047728822389520455,0.909694
054,exp_g2,l2,f,en,na,109,1,NA,lshift,lshift,1.496403,1,local,8,-0.047728822389520455,0.34409699999999999
054,exp_g2,l2,f,en,na,102,1,NA,rshift,rshift,1.613295,1,local,8,-0.047728822389520455,1.0211049999999999
054,exp_g2,l2,t,es,na,022,1,NA,rshift,rshift,2.535537,1,local,8,-0.047728822389520455,0.86396300000000004
054,exp_g2,l1,t,es,f0c,158,1,NA,rshift,rshift,2.2564875,1,local,8,-0.047728822389520455,0.97081249999999997
054,exp_g2,l1,t,es,f0c,155,1,NA,lshift,lshift,1.4827,1,local,8,-0.047728822389520455,0.85950000000000004
054,exp_g2,l2,f,en,na,099,1,NA,lshift,lshift,1.677495,1,local,8,-0.047728822389520455,0.46240500000000001
054,exp_g2,l1,t,es,f0c,156,1,NA,rshift,rshift,1.6925250000000003,1,local,8,-0.047728822389520455,0.97487500000000005
054,exp_g2,l2,t,es,na,026,1,NA,rshift,rshift,1.407459,1,local,8,-0.047728822389520455,0.97764099999999998
054,exp_g2,l2,f,en,na,103,1,NA,lshift,lshift,1.7454749999999999,1,local,8,-0.047728822389520455,0.59492500000000004
054,exp_g2,l1,t,es,f0c,151,1,NA,lshift,lshift,1.6079624999999997,1,local,8,-0.047728822389520455,0.78843750000000001
054,exp_g2,l2,f,en,na,098,1,NA,rshift,rshift,1.7590580000000002,1,local,8,-0.047728822389520455,0.37614199999999998
054,exp_g2,l2,f,en,na,101,1,NA,lshift,lshift,1.452416,1,local,8,-0.047728822389520455,0.92448399999999997
054,exp_g2,l2,t,es,na,023,1,NA,lshift,lshift,1.995304,1,local,8,-0.047728822389520455,0.80629600000000001
054,exp_g2,l2,t,es,na,030,1,NA,rshift,rshift,1.8243330000000002,1,local,8,-0.047728822389520455,1.133667
054,exp_g2,l1,t,es,f0c,160,1,NA,rshift,rshift,2.8754750000000002,1,local,8,-0.047728822389520455,1.108625
054,exp_g2,l1,t,es,f0c,154,1,NA,rshift,lshift,2.05980625,0,local,8,-0.047728822389520455,0.91259374999999998
054,exp_g2,l2,t,es,na,024,1,NA,rshift,rshift,2.3115330000000003,1,local,8,-0.047728822389520455,0.81726699999999997
054,exp_g2,l2,f,en,na,110,1,NA,rshift,rshift,1.495222,1,local,8,-0.047728822389520455,0.97327799999999998
058,exp_g2,l1,t,es,f0c,154,1,NA,rshift,lshift,1.9634062499999998,0,local,3,-0.422740998307182,0.91259374999999998
058,exp_g2,l2,t,es,na,022,1,NA,rshift,rshift,1.4345370000000002,1,local,3,-0.422740998307182,0.86396300000000004
058,exp_g2,l1,t,es,f0c,157,1,NA,lshift,lshift,1.492175,1,local,3,-0.422740998307182,0.63512500000000005
058,exp_g2,l2,f,en,na,106,1,NA,rshift,rshift,1.492838,1,local,3,-0.422740998307182,1.203962
058,exp_g2,l2,f,en,na,098,1,NA,rshift,rshift,1.731758,1,local,3,-0.422740998307182,0.37614199999999998
058,exp_g2,l2,f,en,na,101,1,NA,lshift,lshift,1.367216,1,local,3,-0.422740998307182,0.92448399999999997
058,exp_g2,l2,f,en,na,108,1,NA,rshift,rshift,1.5073049999999997,1,local,3,-0.422740998307182,0.81899500000000003
058,exp_g2,l2,t,es,na,027,1,NA,lshift,lshift,1.706954,1,local,3,-0.422740998307182,0.61924599999999996
058,exp_g2,l1,t,es,f0c,152,1,NA,rshift,rshift,1.7461187500000002,1,local,3,-0.422740998307182,0.92128125000000005
058,exp_g2,l2,f,en,na,110,1,NA,rshift,rshift,1.3103219999999998,1,local,3,-0.422740998307182,0.97327799999999998
058,exp_g2,l2,t,es,na,028,1,NA,rshift,lshift,1.6744839999999999,0,local,3,-0.422740998307182,0.93781599999999998
058,exp_g2,l1,t,es,f0c,159,1,NA,lshift,lshift,1.6244624999999997,1,local,3,-0.422740998307182,1.1799375000000001
058,exp_g2,l2,f,en,na,102,1,NA,rshift,lshift,1.373195,0,local,3,-0.422740998307182,1.0211049999999999
058,exp_g2,l2,t,es,na,030,1,NA,rshift,rshift,1.527333,1,local,3,-0.422740998307182,1.133667
058,exp_g2,l2,t,es,na,023,1,NA,lshift,lshift,1.492804,1,local,3,-0.422740998307182,0.80629600000000001
058,exp_g2,l2,t,es,na,021,1,NA,lshift,lshift,1.604079,1,local,3,-0.422740998307182,0.70402100000000001
058,exp_g2,l1,t,es,f0c,158,1,NA,rshift,rshift,1.6149874999999998,1,local,3,-0.422740998307182,0.97081249999999997
058,exp_g2,l2,f,en,na,109,1,NA,lshift,lshift,1.6845029999999999,1,local,3,-0.422740998307182,0.34409699999999999
058,exp_g2,l1,t,es,f0c,156,1,NA,rshift,rshift,2.237025,1,local,3,-0.422740998307182,0.97487500000000005
058,exp_g2,l2,t,es,na,026,1,NA,rshift,rshift,1.4266590000000001,1,local,3,-0.422740998307182,0.97764099999999998
058,exp_g2,l1,t,es,f0c,153,1,NA,lshift,lshift,1.80715,1,local,3,-0.422740998307182,0.77825
058,exp_g2,l2,f,en,na,107,1,NA,lshift,lshift,1.4334050000000005,1,local,3,-0.422740998307182,0.74009499999999995
058,exp_g2,l1,t,es,f0c,151,1,NA,lshift,lshift,1.6745625,1,local,3,-0.422740998307182,0.78843750000000001
058,exp_g2,l2,f,en,na,099,1,NA,lshift,lshift,1.245695,1,local,3,-0.422740998307182,0.46240500000000001
058,exp_g2,l2,t,es,na,025,1,NA,lshift,lshift,1.620406,1,local,3,-0.422740998307182,0.909694
058,exp_g2,l2,t,es,na,029,1,NA,lshift,lshift,1.908299,1,local,3,-0.422740998307182,1.122001
058,exp_g2,l2,t,es,na,024,1,NA,rshift,rshift,1.7074330000000004,1,local,3,-0.422740998307182,0.81726699999999997
058,exp_g2,l1,t,es,f0c,155,1,NA,lshift,lshift,1.4983999999999997,1,local,3,-0.422740998307182,0.85950000000000004
058,exp_g2,l2,f,en,na,103,1,NA,lshift,lshift,1.6283750000000001,1,local,3,-0.422740998307182,0.59492500000000004
058,exp_g2,l1,t,es,f0c,160,1,NA,rshift,rshift,2.539575,1,local,3,-0.422740998307182,1.108625
062,exp_g2,l2,f,en,na,101,1,NA,lshift,lshift,1.537916,1,local,5,-0.27273612794011737,0.92448399999999997
062,exp_g2,l2,f,en,na,103,1,NA,lshift,lshift,1.6168750000000003,1,local,5,-0.27273612794011737,0.59492500000000004
062,exp_g2,l2,f,en,na,109,1,NA,lshift,lshift,1.698003,1,local,5,-0.27273612794011737,0.34409699999999999
062,exp_g2,l2,t,es,na,026,1,NA,rshift,rshift,1.3292590000000002,1,local,5,-0.27273612794011737,0.97764099999999998
062,exp_g2,l1,t,es,f0c,151,1,NA,lshift,lshift,1.3860625,1,local,5,-0.27273612794011737,0.78843750000000001
062,exp_g2,l2,t,es,na,021,1,NA,lshift,lshift,1.8417789999999998,1,local,5,-0.27273612794011737,0.70402100000000001
062,exp_g2,l1,t,es,f0c,159,1,NA,lshift,lshift,1.4597624999999999,1,local,5,-0.27273612794011737,1.1799375000000001
062,exp_g2,l2,f,en,na,099,1,NA,lshift,lshift,1.344395,1,local,5,-0.27273612794011737,0.46240500000000001
062,exp_g2,l2,t,es,na,029,1,NA,lshift,rshift,1.551199,0,local,5,-0.27273612794011737,1.122001
062,exp_g2,l1,t,es,f0c,153,1,NA,lshift,lshift,1.6780500000000003,1,local,5,-0.27273612794011737,0.77825
062,exp_g2,l1,t,es,f0c,155,1,NA,lshift,lshift,1.3689,1,local,5,-0.27273612794011737,0.85950000000000004
062,exp_g2,l2,t,es,na,025,1,NA,lshift,rshift,1.700106,0,local,5,-0.27273612794011737,0.909694
062,exp_g2,l2,f,en,na,102,1,NA,rshift,rshift,1.487495,1,local,5,-0.27273612794011737,1.0211049999999999
062,exp_g2,l2,f,en,na,107,1,NA,lshift,lshift,1.2725050000000002,1,local,5,-0.27273612794011737,0.74009499999999995
062,exp_g2,l1,t,es,f0c,152,1,NA,rshift,rshift,1.35501875,1,local,5,-0.27273612794011737,0.92128125000000005
062,exp_g2,l1,t,es,f0c,158,1,NA,rshift,rshift,1.4570875,1,local,5,-0.27273612794011737,0.97081249999999997
062,exp_g2,l2,f,en,na,108,1,NA,rshift,rshift,1.791105,1,local,5,-0.27273612794011737,0.81899500000000003
062,exp_g2,l2,t,es,na,028,1,NA,rshift,rshift,2.072284,1,local,5,-0.27273612794011737,0.93781599999999998
062,exp_g2,l2,f,en,na,106,1,NA,rshift,rshift,1.5389380000000001,1,local,5,-0.27273612794011737,1.203962
062,exp_g2,l1,t,es,f0c,157,1,NA,lshift,lshift,1.4850750000000001,1,local,5,-0.27273612794011737,0.63512500000000005
062,exp_g2,l1,t,es,f0c,154,1,NA,rshift,lshift,2.07350625,0,local,5,-0.27273612794011737,0.91259374999999998
062,exp_g2,l2,f,en,na,110,1,NA,rshift,rshift,1.291522,1,local,5,-0.27273612794011737,0.97327799999999998
062,exp_g2,l2,f,en,na,098,1,NA,rshift,rshift,1.6466580000000002,1,local,5,-0.27273612794011737,0.37614199999999998
062,exp_g2,l2,t,es,na,022,1,NA,rshift,rshift,1.4890370000000002,1,local,5,-0.27273612794011737,0.86396300000000004
062,exp_g2,l1,t,es,f0c,160,1,NA,rshift,rshift,1.908175,1,local,5,-0.27273612794011737,1.108625
062,exp_g2,l2,t,es,na,030,1,NA,rshift,rshift,1.498933,1,local,5,-0.27273612794011737,1.133667
062,exp_g2,l2,t,es,na,024,1,NA,rshift,rshift,2.121833,1,local,5,-0.27273612794011737,0.81726699999999997
062,exp_g2,l2,t,es,na,027,1,NA,lshift,lshift,1.3955540000000002,1,local,5,-0.27273612794011737,0.61924599999999996
062,exp_g2,l2,t,es,na,023,1,NA,lshift,rshift,1.461004,0,local,5,-0.27273612794011737,0.80629600000000001
064,exp_g2,l2,t,es,na,025,1,NA,lshift,rshift,2.771606,0,local,6,-0.19773369275658506,0.909694
064,exp_g2,l2,t,es,na,029,1,NA,lshift,lshift,2.731099,1,local,6,-0.19773369275658506,1.122001
064,exp_g2,l1,t,es,f0c,154,1,NA,rshift,rshift,2.51520625,1,local,6,-0.19773369275658506,0.91259374999999998
064,exp_g2,l2,f,en,na,103,1,NA,lshift,lshift,1.728875,1,local,6,-0.19773369275658506,0.59492500000000004
064,exp_g2,l2,f,en,na,098,1,NA,rshift,rshift,1.951258,1,local,6,-0.19773369275658506,0.37614199999999998
064,exp_g2,l1,t,es,f0c,159,1,NA,lshift,lshift,1.5885624999999999,1,local,6,-0.19773369275658506,1.1799375000000001
064,exp_g2,l2,f,en,na,109,1,NA,lshift,lshift,1.3469030000000002,1,local,6,-0.19773369275658506,0.34409699999999999
064,exp_g2,l2,f,en,na,110,1,NA,rshift,rshift,1.339722,1,local,6,-0.19773369275658506,0.97327799999999998
064,exp_g2,l2,t,es,na,024,1,NA,rshift,rshift,2.4100330000000003,1,local,6,-0.19773369275658506,0.81726699999999997
064,exp_g2,l1,t,es,f0c,151,1,NA,lshift,lshift,1.7049624999999997,1,local,6,-0.19773369275658506,0.78843750000000001
064,exp_g2,l2,t,es,na,021,1,NA,lshift,lshift,1.603479,1,local,6,-0.19773369275658506,0.70402100000000001
064,exp_g2,l1,t,es,f0c,160,1,NA,rshift,rshift,3.045275,1,local,6,-0.19773369275658506,1.108625
064,exp_g2,l2,f,en,na,108,1,NA,rshift,rshift,1.343305,1,local,6,-0.19773369275658506,0.81899500000000003
064,exp_g2,l2,f,en,na,107,1,NA,lshift,lshift,1.4581050000000002,1,local,6,-0.19773369275658506,0.74009499999999995
064,exp_g2,l1,t,es,f0c,153,1,NA,lshift,lshift,2.1694500000000003,1,local,6,-0.19773369275658506,0.77825
064,exp_g2,l2,f,en,na,099,1,NA,lshift,lshift,1.4398950000000001,1,local,6,-0.19773369275658506,0.46240500000000001
064,exp_g2,l1,t,es,f0c,156,1,NA,rshift,rshift,2.769025,1,local,6,-0.19773369275658506,0.97487500000000005
064,exp_g2,l2,f,en,na,102,1,NA,rshift,rshift,1.677895,1,local,6,-0.19773369275658506,1.0211049999999999
064,exp_g2,l2,t,es,na,023,1,NA,lshift,lshift,1.647004,1,local,6,-0.19773369275658506,0.80629600000000001
064,exp_g2,l1,t,es,f0c,157,1,NA,lshift,lshift,1.978875,1,local,6,-0.19773369275658506,0.63512500000000005
064,exp_g2,l1,t,es,f0c,152,1,NA,rshift,rshift,1.44131875,1,local,6,-0.19773369275658506,0.92128125000000005
064,exp_g2,l2,t,es,na,026,1,NA,rshift,rshift,1.676559,1,local,6,-0.19773369275658506,0.97764099999999998
064,exp_g2,l2,f,en,na,106,1,NA,rshift,rshift,1.5775379999999999,1,local,6,-0.19773369275658506,1.203962
064,exp_g2,l2,f,en,na,101,1,NA,lshift,lshift,1.436916,1,local,6,-0.19773369275658506,0.92448399999999997
064,exp_g2,l2,t,es,na,022,1,NA,rshift,rshift,1.3150369999999998,1,local,6,-0.19773369275658506,0.86396300000000004
064,exp_g2,l2,t,es,na,028,1,NA,rshift,rshift,1.2520840000000002,1,local,6,-0.19773369275658506,0.93781599999999998
064,exp_g2,l2,t,es,na,027,1,NA,lshift,lshift,1.6872540000000003,1,local,6,-0.19773369275658506,0.61924599999999996
064,exp_g2,l1,t,es,f0c,158,1,NA,rshift,rshift,1.8540874999999999,1,local,6,-0.19773369275658506,0.97081249999999997
064,exp_g2,l1,t,es,f0c,155,1,NA,lshift,lshift,1.4564999999999997,1,local,6,-0.19773369275658506,0.85950000000000004
064,exp_g2,l2,t,es,na,030,1,NA,rshift,rshift,1.6288330000000002,1,local,6,-0.19773369275658506,1.133667
067,exp_g2,l2,f,en,na,110,1,NA,rshift,rshift,1.607822,1,local,-1,-0.7227507390413113,0.97327799999999998
067,exp_g2,l2,t,es,na,028,1,NA,rshift,rshift,2.3791840000000004,1,local,-1,-0.7227507390413113,0.93781599999999998
067,exp_g2,l1,t,es,f0c,160,1,NA,rshift,rshift,2.176775,1,local,-1,-0.7227507390413113,1.108625
067,exp_g2,l1,t,es,f0c,154,1,NA,rshift,lshift,2.42510625,0,local,-1,-0.7227507390413113,0.91259374999999998
067,exp_g2,l2,f,en,na,108,1,NA,rshift,rshift,1.767305,1,local,-1,-0.7227507390413113,0.81899500000000003
067,exp_g2,l2,t,es,na,025,1,NA,lshift,rshift,1.942606,0,local,-1,-0.7227507390413113,0.909694
067,exp_g2,l1,t,es,f0c,159,1,NA,lshift,lshift,1.9017625,1,local,-1,-0.7227507390413113,1.1799375000000001
067,exp_g2,l2,f,en,na,103,1,NA,lshift,lshift,2.037675,1,local,-1,-0.7227507390413113,0.59492500000000004
067,exp_g2,l2,f,en,na,109,1,NA,lshift,lshift,1.775903,1,local,-1,-0.7227507390413113,0.34409699999999999
067,exp_g2,l2,t,es,na,030,1,NA,rshift,rshift,2.087933,1,local,-1,-0.7227507390413113,1.133667
067,exp_g2,l2,f,en,na,101,1,NA,lshift,lshift,1.727316,1,local,-1,-0.7227507390413113,0.92448399999999997
067,exp_g2,l2,f,en,na,098,1,NA,rshift,rshift,1.851158,1,local,-1,-0.7227507390413113,0.37614199999999998
067,exp_g2,l1,t,es,f0c,152,1,NA,rshift,rshift,1.66461875,1,local,-1,-0.7227507390413113,0.92128125000000005
067,exp_g2,l2,t,es,na,029,1,NA,lshift,lshift,2.078999,1,local,-1,-0.7227507390413113,1.122001
067,exp_g2,l2,f,en,na,099,1,NA,lshift,lshift,1.5126950000000001,1,local,-1,-0.7227507390413113,0.46240500000000001
067,exp_g2,l1,t,es,f0c,151,1,NA,lshift,lshift,2.0636625,1,local,-1,-0.7227507390413113,0.78843750000000001
067,exp_g2,l2,t,es,na,027,1,NA,lshift,lshift,1.9572539999999998,1,local,-1,-0.7227507390413113,0.61924599999999996
067,exp_g2,l2,f,en,na,107,1,NA,lshift,lshift,1.7801050000000003,1,local,-1,-0.7227507390413113,0.74009499999999995
067,exp_g2,l1,t,es,f0c,155,1,NA,lshift,lshift,1.6431,1,local,-1,-0.7227507390413113,0.85950000000000004
067,exp_g2,l2,t,es,na,022,1,NA,rshift,rshift,1.788237,1,local,-1,-0.7227507390413113,0.86396300000000004
067,exp_g2,l2,f,en,na,106,1,NA,rshift,rshift,1.6865379999999999,1,local,-1,-0.7227507390413113,1.203962
067,exp_g2,l2,t,es,na,024,1,NA,rshift,rshift,2.069033,1,local,-1,-0.7227507390413113,0.81726699999999997
067,exp_g2,l1,t,es,f0c,157,1,NA,lshift,lshift,2.100475,1,local,-1,-0.7227507390413113,0.63512500000000005
067,exp_g2,l2,f,en,na,102,1,NA,rshift,rshift,1.931095,1,local,-1,-0.7227507390413113,1.0211049999999999
067,exp_g2,l2,t,es,na,023,1,NA,lshift,rshift,1.813104,0,local,-1,-0.7227507390413113,0.80629600000000001
067,exp_g2,l1,t,es,f0c,156,1,NA,rshift,rshift,3.3905250000000002,1,local,-1,-0.7227507390413113,0.97487500000000005
067,exp_g2,l2,t,es,na,021,1,NA,lshift,rshift,2.048979,0,local,-1,-0.7227507390413113,0.70402100000000001
070,exp_g1,l1,t,es,f0u,139,1,NA,lshift,lshift,1.6624625,1,local,31,1.6773271868317228,1.1799375000000001
070,exp_g1,l1,t,es,na,019,1,NA,lshift,lshift,1.7544700000000002,1,local,31,1.6773271868317228,1.44153
070,exp_g1,l1,t,es,na,012,1,NA,rshift,rshift,2.027697,1,local,31,1.6773271868317228,0.82370299999999996
070,exp_g1,l1,t,es,f0u,133,1,NA,lshift,lshift,1.69915,1,local,31,1.6773271868317228,0.77825
070,exp_g1,l1,f,en,na,074,1,NA,lshift,lshift,1.6123159999999999,1,local,31,1.6773271868317228,0.396484
070,exp_g1,l1,t,es,f0u,131,1,NA,lshift,lshift,2.4126624999999997,1,local,31,1.6773271868317228,0.78843750000000001
070,exp_g1,l1,f,en,na,071,1,NA,rshift,rshift,1.593471,1,local,31,1.6773271868317228,1.2611289999999999
070,exp_g1,l1,t,es,f0u,134,1,NA,rshift,rshift,1.77810625,1,local,31,1.6773271868317228,0.91259374999999998
070,exp_g1,l1,t,es,f0u,138,1,NA,rshift,rshift,1.6406874999999999,1,local,31,1.6773271868317228,0.97081249999999997
070,exp_g1,l1,f,en,na,075,1,NA,rshift,rshift,1.481007,1,local,31,1.6773271868317228,0.913493
070,exp_g1,l1,t,es,f0u,135,1,NA,lshift,lshift,1.5200999999999998,1,local,31,1.6773271868317228,0.85950000000000004
070,exp_g1,l1,f,en,na,063,1,NA,rshift,rshift,1.3729239999999998,1,local,31,1.6773271868317228,0.35137600000000002
070,exp_g1,l1,f,en,na,064,1,NA,lshift,lshift,1.339828,1,local,31,1.6773271868317228,0.42857200000000001
070,exp_g1,l1,t,es,na,013,1,NA,lshift,lshift,1.617807,1,local,31,1.6773271868317228,1.352093
070,exp_g1,l1,f,en,na,067,1,NA,rshift,rshift,1.348196,1,local,31,1.6773271868317228,0.95080399999999998
070,exp_g1,l1,f,en,na,072,1,NA,lshift,rshift,1.3723400000000001,0,local,31,1.6773271868317228,0.83155999999999997
070,exp_g1,l1,f,en,na,073,1,NA,rshift,rshift,1.6452240000000002,1,local,31,1.6773271868317228,0.87757600000000002
070,exp_g1,l1,f,en,na,066,1,NA,lshift,lshift,1.8441990000000001,1,local,31,1.6773271868317228,0.78000100000000006
070,exp_g1,l1,t,es,f0u,136,1,NA,rshift,rshift,1.8139250000000002,1,local,31,1.6773271868317228,0.97487500000000005
070,exp_g1,l1,t,es,f0u,132,1,NA,rshift,rshift,2.1155187499999997,1,local,31,1.6773271868317228,0.92128125000000005
070,exp_g1,l1,t,es,na,016,1,NA,rshift,rshift,1.685998,1,local,31,1.6773271868317228,1.6949019999999999
070,exp_g1,l1,t,es,na,011,1,NA,lshift,lshift,1.7861250000000002,1,local,31,1.6773271868317228,0.94437499999999996
070,exp_g1,l1,f,en,na,068,1,NA,lshift,lshift,1.8107160000000002,1,local,31,1.6773271868317228,0.60078399999999998
070,exp_g1,l1,t,es,na,020,1,NA,rshift,rshift,1.71314,1,local,31,1.6773271868317228,0.99675999999999998
070,exp_g1,l1,t,es,na,015,1,NA,lshift,lshift,1.805086,1,local,31,1.6773271868317228,0.88211399999999995
070,exp_g1,l1,t,es,na,014,1,NA,rshift,rshift,1.8780150000000002,1,local,31,1.6773271868317228,0.78868499999999997
070,exp_g1,l1,t,es,na,017,1,NA,lshift,lshift,1.648095,1,local,31,1.6773271868317228,1.328805
070,exp_g1,l1,t,es,f0u,140,1,NA,rshift,rshift,1.7031749999999999,1,local,31,1.6773271868317228,1.108625
070,exp_g1,l1,t,es,na,018,1,NA,rshift,rshift,1.600425,1,local,31,1.6773271868317228,0.90037500000000004
070,exp_g1,l1,t,es,f0u,137,1,NA,lshift,lshift,1.8424749999999999,1,local,31,1.6773271868317228,0.63512500000000005
073,exp_g2,l2,t,es,na,024,1,NA,rshift,rshift,1.9277330000000004,1,local,7,-0.12273125757305277,0.81726699999999997
073,exp_g2,l2,f,en,na,109,1,NA,lshift,lshift,1.4669029999999998,1,local,7,-0.12273125757305277,0.34409699999999999
073,exp_g2,l2,t,es,f0u,146,1,NA,rshift,rshift,1.7057187500000002,1,local,7,-0.12273125757305277,1.6362812499999999
073,exp_g2,l2,t,es,f0u,141,1,NA,lshift,lshift,1.44290625,1,local,7,-0.12273125757305277,0.75509375000000001
073,exp_g2,l2,f,en,na,107,1,NA,lshift,lshift,1.6979050000000004,1,local,7,-0.12273125757305277,0.74009499999999995
073,exp_g2,l2,f,en,na,102,1,NA,rshift,rshift,1.233895,1,local,7,-0.12273125757305277,1.0211049999999999
073,exp_g2,l2,f,en,na,098,1,NA,rshift,rshift,1.501858,1,local,7,-0.12273125757305277,0.37614199999999998
073,exp_g2,l2,f,en,na,106,1,NA,rshift,rshift,1.5000380000000002,1,local,7,-0.12273125757305277,1.203962
073,exp_g2,l2,t,es,na,025,1,NA,lshift,lshift,1.5923059999999998,1,local,7,-0.12273125757305277,0.909694
073,exp_g2,l2,t,es,na,022,1,NA,rshift,rshift,1.3670369999999998,1,local,7,-0.12273125757305277,0.86396300000000004
073,exp_g2,l2,t,es,na,027,1,NA,lshift,lshift,1.529754,1,local,7,-0.12273125757305277,0.61924599999999996
073,exp_g2,l2,t,es,na,021,1,NA,lshift,lshift,1.614979,1,local,7,-0.12273125757305277,0.70402100000000001
073,exp_g2,l2,f,en,na,110,1,NA,rshift,rshift,1.4517219999999997,1,local,7,-0.12273125757305277,0.97327799999999998
073,exp_g2,l2,t,es,f0u,143,1,NA,lshift,lshift,1.78353125,1,local,7,-0.12273125757305277,1.5584687500000001
073,exp_g2,l2,t,es,na,028,1,NA,rshift,rshift,1.4351840000000002,1,local,7,-0.12273125757305277,0.93781599999999998
073,exp_g2,l2,t,es,na,030,1,NA,rshift,rshift,1.5543330000000002,1,local,7,-0.12273125757305277,1.133667
073,exp_g2,l2,f,en,na,101,1,NA,lshift,lshift,1.5495160000000001,1,local,7,-0.12273125757305277,0.92448399999999997
073,exp_g2,l2,t,es,f0u,148,1,NA,rshift,rshift,1.487,1,local,7,-0.12273125757305277,0.73899999999999999
073,exp_g2,l2,t,es,f0u,144,1,NA,rshift,rshift,1.6696562499999998,1,local,7,-0.12273125757305277,0.69834375000000004
073,exp_g2,l2,t,es,f0u,142,1,NA,rshift,rshift,2.26490625,1,local,7,-0.12273125757305277,0.73509374999999999
073,exp_g2,l2,f,en,na,103,1,NA,lshift,lshift,1.5810750000000002,1,local,7,-0.12273125757305277,0.59492500000000004
073,exp_g2,l2,f,en,na,108,1,NA,rshift,rshift,1.620005,1,local,7,-0.12273125757305277,0.81899500000000003
073,exp_g2,l2,f,en,na,099,1,NA,lshift,lshift,1.362595,1,local,7,-0.12273125757305277,0.46240500000000001
073,exp_g2,l2,t,es,f0u,149,1,NA,lshift,lshift,1.3065625000000003,1,local,7,-0.12273125757305277,1.2804374999999999
073,exp_g2,l2,t,es,na,023,1,NA,lshift,lshift,1.4127039999999997,1,local,7,-0.12273125757305277,0.80629600000000001
073,exp_g2,l2,t,es,na,026,1,NA,rshift,rshift,1.3993589999999998,1,local,7,-0.12273125757305277,0.97764099999999998
073,exp_g2,l2,t,es,f0u,145,1,NA,lshift,lshift,1.439,1,local,7,-0.12273125757305277,0.82499999999999996
073,exp_g2,l2,t,es,f0u,150,1,NA,rshift,rshift,1.6794687499999998,1,local,7,-0.12273125757305277,0.82653125000000005
073,exp_g2,l2,t,es,f0u,147,1,NA,lshift,lshift,1.7508749999999997,1,local,7,-0.12273125757305277,1.0251250000000001
073,exp_g2,l2,t,es,na,029,1,NA,lshift,lshift,2.0169989999999998,1,local,7,-0.12273125757305277,1.122001
074,exp_g2,l2,t,es,na,023,1,NA,lshift,lshift,1.494304,1,local,19,0.777297964629335,0.80629600000000001
074,exp_g2,l2,t,es,na,021,1,NA,lshift,lshift,1.7047789999999998,1,local,19,0.777297964629335,0.70402100000000001
074,exp_g2,l2,t,es,f0u,149,1,NA,lshift,lshift,1.8118625,1,local,19,0.777297964629335,1.2804374999999999
074,exp_g2,l2,t,es,na,027,1,NA,lshift,lshift,1.673654,1,local,19,0.777297964629335,0.61924599999999996
074,exp_g2,l2,f,en,na,099,1,NA,lshift,lshift,1.410995,1,local,19,0.777297964629335,0.46240500000000001
074,exp_g2,l2,t,es,f0u,142,1,NA,rshift,lshift,2.63110625,0,local,19,0.777297964629335,0.73509374999999999
074,exp_g2,l2,t,es,f0u,141,1,NA,lshift,lshift,1.65100625,1,local,19,0.777297964629335,0.75509375000000001
074,exp_g2,l2,f,en,na,101,1,NA,lshift,lshift,1.7248160000000001,1,local,19,0.777297964629335,0.92448399999999997
074,exp_g2,l2,f,en,na,098,1,NA,rshift,rshift,1.7977580000000002,1,local,19,0.777297964629335,0.37614199999999998
074,exp_g2,l2,f,en,na,107,1,NA,lshift,lshift,1.5047050000000004,1,local,19,0.777297964629335,0.74009499999999995
074,exp_g2,l2,t,es,f0u,144,1,NA,rshift,rshift,1.63035625,1,local,19,0.777297964629335,0.69834375000000004
074,exp_g2,l2,f,en,na,108,1,NA,rshift,rshift,2.066605,1,local,19,0.777297964629335,0.81899500000000003
074,exp_g2,l2,t,es,na,026,1,NA,rshift,rshift,1.412259,1,local,19,0.777297964629335,0.97764099999999998
074,exp_g2,l2,f,en,na,110,1,NA,rshift,rshift,1.4791219999999998,1,local,19,0.777297964629335,0.97327799999999998
074,exp_g2,l2,t,es,na,030,1,NA,rshift,rshift,1.524733,1,local,19,0.777297964629335,1.133667
074,exp_g2,l2,t,es,f0u,143,1,NA,lshift,lshift,1.73133125,1,local,19,0.777297964629335,1.5584687500000001
074,exp_g2,l2,f,en,na,106,1,NA,rshift,rshift,1.4051380000000002,1,local,19,0.777297964629335,1.203962
074,exp_g2,l2,t,es,f0u,147,1,NA,lshift,lshift,1.866575,1,local,19,0.777297964629335,1.0251250000000001
074,exp_g2,l2,t,es,f0u,148,1,NA,rshift,rshift,2.0279000000000003,1,local,19,0.777297964629335,0.73899999999999999
074,exp_g2,l2,t,es,f0u,150,1,NA,rshift,rshift,1.72456875,1,local,19,0.777297964629335,0.82653125000000005
074,exp_g2,l2,t,es,na,028,1,NA,rshift,rshift,1.486584,1,local,19,0.777297964629335,0.93781599999999998
074,exp_g2,l2,t,es,f0u,145,1,NA,lshift,lshift,1.6540000000000004,1,local,19,0.777297964629335,0.82499999999999996
074,exp_g2,l2,f,en,na,102,1,NA,rshift,rshift,1.408195,1,local,19,0.777297964629335,1.0211049999999999
074,exp_g2,l2,t,es,na,024,1,NA,rshift,rshift,1.7934330000000003,1,local,19,0.777297964629335,0.81726699999999997
074,exp_g2,l2,t,es,na,029,1,NA,lshift,lshift,2.017699,1,local,19,0.777297964629335,1.122001
074,exp_g2,l2,t,es,na,022,1,NA,rshift,rshift,1.4852370000000001,1,local,19,0.777297964629335,0.86396300000000004
074,exp_g2,l2,f,en,na,109,1,NA,lshift,lshift,1.552203,1,local,19,0.777297964629335,0.34409699999999999
074,exp_g2,l2,t,es,f0u,146,1,NA,rshift,rshift,1.4444187500000003,1,local,19,0.777297964629335,1.6362812499999999
074,exp_g2,l2,t,es,na,025,1,NA,lshift,lshift,1.639506,1,local,19,0.777297964629335,0.909694
074,exp_g2,l2,f,en,na,103,1,NA,lshift,lshift,1.8116750000000001,1,local,19,0.777297964629335,0.59492500000000004
075,exp_g2,l1,t,es,f0c,155,1,NA,lshift,lshift,1.5057999999999998,1,local,-2,-0.7977531742248436,0.85950000000000004
075,exp_g2,l1,t,es,f0c,157,1,NA,lshift,lshift,1.431375,1,local,-2,-0.7977531742248436,0.63512500000000005
075,exp_g2,l2,f,en,na,107,1,NA,lshift,lshift,1.4188050000000003,1,local,-2,-0.7977531742248436,0.74009499999999995
075,exp_g2,l2,f,en,na,099,1,NA,lshift,lshift,1.4177950000000001,1,local,-2,-0.7977531742248436,0.46240500000000001
075,exp_g2,l1,t,es,f0c,153,1,NA,lshift,lshift,1.6491500000000001,1,local,-2,-0.7977531742248436,0.77825
075,exp_g2,l1,t,es,f0c,160,1,NA,rshift,rshift,2.718475,1,local,-2,-0.7977531742248436,1.108625
075,exp_g2,l2,t,es,na,021,1,NA,lshift,lshift,1.3065790000000002,1,local,-2,-0.7977531742248436,0.70402100000000001
075,exp_g2,l2,f,en,na,098,1,NA,rshift,rshift,2.4964579999999996,1,local,-2,-0.7977531742248436,0.37614199999999998
075,exp_g2,l2,t,es,na,029,1,NA,lshift,rshift,1.8888989999999999,0,local,-2,-0.7977531742248436,1.122001
075,exp_g2,l2,t,es,na,022,1,NA,rshift,rshift,1.399737,1,local,-2,-0.7977531742248436,0.86396300000000004
075,exp_g2,l2,f,en,na,101,1,NA,lshift,lshift,1.4788160000000001,1,local,-2,-0.7977531742248436,0.92448399999999997
075,exp_g2,l2,t,es,na,028,1,NA,rshift,rshift,1.5729840000000002,1,local,-2,-0.7977531742248436,0.93781599999999998
075,exp_g2,l2,f,en,na,108,1,NA,rshift,rshift,1.5034049999999999,1,local,-2,-0.7977531742248436,0.81899500000000003
075,exp_g2,l1,t,es,f0c,152,1,NA,rshift,rshift,1.46571875,1,local,-2,-0.7977531742248436,0.92128125000000005
075,exp_g2,l1,t,es,f0c,159,1,NA,lshift,lshift,1.6646624999999997,1,local,-2,-0.7977531742248436,1.1799375000000001
075,exp_g2,l2,t,es,na,030,1,NA,rshift,rshift,1.312233,1,local,-2,-0.7977531742248436,1.133667
075,exp_g2,l1,t,es,f0c,156,1,NA,rshift,rshift,1.9675250000000002,1,local,-2,-0.7977531742248436,0.97487500000000005
075,exp_g2,l2,t,es,na,025,1,NA,lshift,lshift,1.418806,1,local,-2,-0.7977531742248436,0.909694
075,exp_g2,l2,t,es,na,023,1,NA,lshift,lshift,1.694204,1,local,-2,-0.7977531742248436,0.80629600000000001
075,exp_g2,l2,t,es,na,026,1,NA,rshift,rshift,1.432259,1,local,-2,-0.7977531742248436,0.97764099999999998
075,exp_g2,l2,f,en,na,109,1,NA,lshift,lshift,1.3652030000000002,1,local,-2,-0.7977531742248436,0.34409699999999999
075,exp_g2,l2,t,es,na,024,1,NA,rshift,rshift,1.9621330000000001,1,local,-2,-0.7977531742248436,0.81726699999999997
075,exp_g2,l2,f,en,na,103,1,NA,lshift,lshift,1.4004750000000001,1,local,-2,-0.7977531742248436,0.59492500000000004
075,exp_g2,l1,t,es,f0c,158,1,NA,rshift,rshift,1.5381874999999998,1,local,-2,-0.7977531742248436,0.97081249999999997
075,exp_g2,l1,t,es,f0c,154,1,NA,rshift,rshift,2.3392062499999997,1,local,-2,-0.7977531742248436,0.91259374999999998
075,exp_g2,l2,f,en,na,106,1,NA,rshift,rshift,1.375538,1,local,-2,-0.7977531742248436,1.203962
075,exp_g2,l2,t,es,na,027,1,NA,lshift,lshift,1.524654,1,local,-2,-0.7977531742248436,0.61924599999999996
075,exp_g2,l2,f,en,na,102,1,NA,rshift,rshift,1.360995,1,local,-2,-0.7977531742248436,1.0211049999999999
075,exp_g2,l1,t,es,f0c,151,1,NA,lshift,lshift,1.4045625,1,local,-2,-0.7977531742248436,0.78843750000000001
075,exp_g2,l2,f,en,na,110,1,NA,rshift,rshift,2.0992219999999997,1,local,-2,-0.7977531742248436,0.97327799999999998
086,exp_g1,l1,t,es,na,011,1,NA,lshift,lshift,1.7308249999999998,1,local,-2,-0.7977531742248436,0.94437499999999996
086,exp_g1,l1,t,es,na,017,1,NA,lshift,lshift,1.653895,1,local,-2,-0.7977531742248436,1.328805
086,exp_g1,l1,t,es,na,013,1,NA,lshift,lshift,1.990707,1,local,-2,-0.7977531742248436,1.352093
086,exp_g1,l1,f,en,na,067,1,NA,rshift,rshift,1.279196,1,local,-2,-0.7977531742248436,0.95080399999999998
086,exp_g1,l1,t,es,na,019,1,NA,lshift,lshift,1.3331700000000002,1,local,-2,-0.7977531742248436,1.44153
086,exp_g1,l1,f,en,na,064,1,NA,lshift,lshift,1.280628,1,local,-2,-0.7977531742248436,0.42857200000000001
086,exp_g1,l1,t,es,f0u,134,1,NA,rshift,rshift,2.24670625,1,local,-2,-0.7977531742248436,0.91259374999999998
086,exp_g1,l1,t,es,f0u,138,1,NA,rshift,rshift,1.3566875,1,local,-2,-0.7977531742248436,0.97081249999999997
086,exp_g1,l1,f,en,na,074,1,NA,lshift,lshift,1.355516,1,local,-2,-0.7977531742248436,0.396484
086,exp_g1,l1,t,es,f0u,139,1,NA,lshift,lshift,1.6233625,1,local,-2,-0.7977531742248436,1.1799375000000001
086,exp_g1,l1,f,en,na,075,1,NA,rshift,rshift,1.277707,1,local,-2,-0.7977531742248436,0.913493
086,exp_g1,l1,f,en,na,068,1,NA,lshift,lshift,2.324516,1,local,-2,-0.7977531742248436,0.60078399999999998
086,exp_g1,l1,t,es,na,016,1,NA,rshift,rshift,1.432598,1,local,-2,-0.7977531742248436,1.6949019999999999
086,exp_g1,l1,t,es,f0u,136,1,NA,rshift,rshift,1.8676249999999999,1,local,-2,-0.7977531742248436,0.97487500000000005
086,exp_g1,l1,f,en,na,066,1,NA,lshift,lshift,1.3997990000000002,1,local,-2,-0.7977531742248436,0.78000100000000006
086,exp_g1,l1,t,es,na,014,1,NA,rshift,rshift,1.3275150000000002,1,local,-2,-0.7977531742248436,0.78868499999999997
086,exp_g1,l1,t,es,na,020,1,NA,rshift,rshift,1.7458399999999998,1,local,-2,-0.7977531742248436,0.99675999999999998
086,exp_g1,l1,f,en,na,072,1,NA,lshift,lshift,1.1637400000000002,1,local,-2,-0.7977531742248436,0.83155999999999997
086,exp_g1,l1,t,es,na,015,1,NA,lshift,lshift,2.828086,1,local,-2,-0.7977531742248436,0.88211399999999995
086,exp_g1,l1,t,es,na,012,1,NA,rshift,rshift,1.331297,1,local,-2,-0.7977531742248436,0.82370299999999996
086,exp_g1,l1,t,es,f0u,135,1,NA,lshift,lshift,1.3765,1,local,-2,-0.7977531742248436,0.85950000000000004
086,exp_g1,l1,f,en,na,073,1,NA,rshift,rshift,1.2311239999999999,1,local,-2,-0.7977531742248436,0.87757600000000002
086,exp_g1,l1,t,es,f0u,133,1,NA,lshift,lshift,1.6904500000000002,1,local,-2,-0.7977531742248436,0.77825
086,exp_g1,l1,f,en,na,071,1,NA,rshift,rshift,1.296271,1,local,-2,-0.7977531742248436,1.2611289999999999
086,exp_g1,l1,t,es,na,018,1,NA,rshift,rshift,1.8171249999999999,1,local,-2,-0.7977531742248436,0.90037500000000004
086,exp_g1,l1,t,es,f0u,137,1,NA,lshift,lshift,1.555275,1,local,-2,-0.7977531742248436,0.63512500000000005
086,exp_g1,l1,t,es,f0u,132,1,NA,rshift,rshift,1.33781875,1,local,-2,-0.7977531742248436,0.92128125000000005
086,exp_g1,l1,t,es,f0u,140,1,NA,rshift,rshift,2.108175,1,local,-2,-0.7977531742248436,1.108625
086,exp_g1,l1,f,en,na,063,1,NA,rshift,rshift,1.393824,1,local,-2,-0.7977531742248436,0.35137600000000002
086,exp_g1,l1,t,es,f0u,131,1,NA,lshift,lshift,1.2559624999999999,1,local,-2,-0.7977531742248436,0.78843750000000001
091,exp_g2,l2,f,en,na,106,1,NA,rshift,rshift,1.387738,1,local,9,0.02727361279401186,1.203962
091,exp_g2,l2,t,es,f0u,150,1,NA,rshift,rshift,1.4359687500000002,1,local,9,0.02727361279401186,0.82653125000000005
091,exp_g2,l2,t,es,f0u,147,1,NA,lshift,lshift,2.034875,1,local,9,0.02727361279401186,1.0251250000000001
091,exp_g2,l2,t,es,na,025,1,NA,lshift,lshift,1.462106,1,local,9,0.02727361279401186,0.909694
091,exp_g2,l2,t,es,na,023,1,NA,lshift,lshift,1.187904,1,local,9,0.02727361279401186,0.80629600000000001
091,exp_g2,l2,f,en,na,110,1,NA,rshift,rshift,1.205022,1,local,9,0.02727361279401186,0.97327799999999998
091,exp_g2,l2,t,es,na,022,1,NA,rshift,rshift,1.3487369999999999,1,local,9,0.02727361279401186,0.86396300000000004
091,exp_g2,l2,t,es,na,027,1,NA,lshift,lshift,1.7032539999999998,1,local,9,0.02727361279401186,0.61924599999999996
091,exp_g2,l2,t,es,f0u,143,1,NA,lshift,lshift,1.74923125,1,local,9,0.02727361279401186,1.5584687500000001
091,exp_g2,l2,t,es,na,029,1,NA,lshift,rshift,2.001699,0,local,9,0.02727361279401186,1.122001
091,exp_g2,l2,f,en,na,101,1,NA,lshift,lshift,1.4412159999999998,1,local,9,0.02727361279401186,0.92448399999999997
091,exp_g2,l2,t,es,f0u,146,1,NA,rshift,rshift,1.3286187500000002,1,local,9,0.02727361279401186,1.6362812499999999
091,exp_g2,l2,f,en,na,102,1,NA,rshift,lshift,1.128095,0,local,9,0.02727361279401186,1.0211049999999999
091,exp_g2,l2,f,en,na,103,1,NA,lshift,lshift,1.378575,1,local,9,0.02727361279401186,0.59492500000000004
091,exp_g2,l2,f,en,na,109,1,NA,lshift,lshift,1.3008030000000002,1,local,9,0.02727361279401186,0.34409699999999999
091,exp_g2,l2,t,es,na,021,1,NA,lshift,lshift,1.302979,1,local,9,0.02727361279401186,0.70402100000000001
091,exp_g2,l2,t,es,f0u,145,1,NA,lshift,lshift,1.2406000000000001,1,local,9,0.02727361279401186,0.82499999999999996
091,exp_g2,l2,f,en,na,098,1,NA,rshift,rshift,1.6371580000000001,1,local,9,0.02727361279401186,0.37614199999999998
091,exp_g2,l2,t,es,f0u,144,1,NA,rshift,rshift,1.5477562500000002,1,local,9,0.02727361279401186,0.69834375000000004
091,exp_g2,l2,t,es,na,030,1,NA,rshift,rshift,1.565633,1,local,9,0.02727361279401186,1.133667
091,exp_g2,l2,f,en,na,099,1,NA,lshift,lshift,1.137295,1,local,9,0.02727361279401186,0.46240500000000001
091,exp_g2,l2,t,es,f0u,148,1,NA,rshift,rshift,1.6571000000000002,1,local,9,0.02727361279401186,0.73899999999999999
091,exp_g2,l2,f,en,na,107,1,NA,lshift,lshift,1.4524050000000002,1,local,9,0.02727361279401186,0.74009499999999995
091,exp_g2,l2,t,es,na,026,1,NA,rshift,rshift,1.4429589999999999,1,local,9,0.02727361279401186,0.97764099999999998
091,exp_g2,l2,t,es,f0u,142,1,NA,rshift,lshift,1.8845062500000003,0,local,9,0.02727361279401186,0.73509374999999999
091,exp_g2,l2,t,es,f0u,149,1,NA,lshift,lshift,1.2807625,1,local,9,0.02727361279401186,1.2804374999999999
091,exp_g2,l2,t,es,f0u,141,1,NA,lshift,lshift,1.4112062500000002,1,local,9,0.02727361279401186,0.75509375000000001
091,exp_g2,l2,t,es,na,028,1,NA,rshift,rshift,1.2771839999999999,1,local,9,0.02727361279401186,0.93781599999999998
091,exp_g2,l2,f,en,na,108,1,NA,rshift,rshift,3.1262049999999997,1,local,9,0.02727361279401186,0.81899500000000003
091,exp_g2,l2,t,es,na,024,1,NA,rshift,rshift,2.0918330000000003,1,local,9,0.02727361279401186,0.81726699999999997
