...1,num,list,cond,lang,type,mat_dur,exp1_key.keys,exp1_key.rt,exp1_key.corr,cor_rate,participant,group,prof,rt
1,21,l2,TRUE,es,na,0.704021,lshift,2.4685,1,0.833333333333333,6,exp_g2,-16,1.764479
2,22,l2,TRUE,es,na,0.863963,rshift,2.8365,1,0.833333333333333,6,exp_g2,-16,1.972537
3,24,l2,TRUE,es,na,0.817267,rshift,2.8472,1,0.833333333333333,6,exp_g2,-16,2.029933
4,26,l2,TRUE,es,na,0.977641,rshift,2.5987,1,0.833333333333333,6,exp_g2,-16,1.621059
5,27,l2,TRUE,es,na,0.619246,lshift,2.3653,1,0.833333333333333,6,exp_g2,-16,1.746054
6,28,l2,TRUE,es,na,0.937816,rshift,2.4808,1,0.833333333333333,6,exp_g2,-16,1.542984
7,30,l2,TRUE,es,na,1.133667,rshift,3.879,1,0.833333333333333,6,exp_g2,-16,2.745333
8,98,l2,FALSE,en,na,0.376142,rshift,2.2816,1,0.833333333333333,6,exp_g2,-16,1.905458
9,99,l2,FALSE,en,na,0.462405,lshift,1.968,1,0.833333333333333,6,exp_g2,-16,1.505595
10,101,l2,FALSE,en,na,0.924484,lshift,2.4701,1,0.833333333333333,6,exp_g2,-16,1.545616
11,102,l2,FALSE,en,na,1.021105,rshift,2.5881,1,0.833333333333333,6,exp_g2,-16,1.566995
12,103,l2,FALSE,en,na,0.594925,lshift,2.1179,1,0.833333333333333,6,exp_g2,-16,1.522975
13,106,l2,FALSE,en,na,1.203962,rshift,2.8203,1,0.833333333333333,6,exp_g2,-16,1.616338
14,107,l2,FALSE,en,na,0.740095,lshift,2.8047,1,0.833333333333333,6,exp_g2,-16,2.064605
15,108,l2,FALSE,en,na,0.818995,rshift,2.5935,1,0.833333333333333,6,exp_g2,-16,1.774505
16,109,l2,FALSE,en,na,0.344097,lshift,2.0239,1,0.833333333333333,6,exp_g2,-16,1.679803
17,110,l2,FALSE,en,na,0.973278,rshift,2.5982,1,0.833333333333333,6,exp_g2,-16,1.624922
18,151,l1,TRUE,es,f0c,0.7884375,lshift,2.5715,1,0.833333333333333,6,exp_g2,-16,1.7830625
19,152,l1,TRUE,es,f0c,0.92128125,rshift,2.7087,1,0.833333333333333,6,exp_g2,-16,1.78741875
20,155,l1,TRUE,es,f0c,0.8595,lshift,2.5102,1,0.833333333333333,6,exp_g2,-16,1.6507
21,156,l1,TRUE,es,f0c,0.974875,rshift,3.4631,1,0.833333333333333,6,exp_g2,-16,2.488225
22,157,l1,TRUE,es,f0c,0.635125,lshift,2.4634,1,0.833333333333333,6,exp_g2,-16,1.828275
23,158,l1,TRUE,es,f0c,0.9708125,rshift,3.2887,1,0.833333333333333,6,exp_g2,-16,2.3178875
24,159,l1,TRUE,es,f0c,1.1799375,lshift,3.0736,1,0.833333333333333,6,exp_g2,-16,1.8936625
25,160,l1,TRUE,es,f0c,1.108625,rshift,2.967,1,0.833333333333333,6,exp_g2,-16,1.858375
1,11,l1,TRUE,es,na,0.944375,lshift,3.037137666,1,1,12,exp_g1,8,2.092762666
2,12,l1,TRUE,es,na,0.823703,rshift,2.772565208,1,1,12,exp_g1,8,1.948862208
3,13,l1,TRUE,es,na,1.352093,lshift,2.792316416,1,1,12,exp_g1,8,1.440223416
4,14,l1,TRUE,es,na,0.788685,rshift,2.329284375,1,1,12,exp_g1,8,1.540599375
5,15,l1,TRUE,es,na,0.882114,lshift,3.173125333,1,1,12,exp_g1,8,2.291011333
6,16,l1,TRUE,es,na,1.694902,rshift,3.141361833,1,1,12,exp_g1,8,1.446459833
7,17,l1,TRUE,es,na,1.328805,lshift,4.193076041,1,1,12,exp_g1,8,2.864271041
8,18,l1,TRUE,es,na,0.900375,rshift,3.050142166,1,1,12,exp_g1,8,2.149767166
9,20,l1,TRUE,es,na,0.99676,rshift,2.490079291,1,1,12,exp_g1,8,1.493319291
10,63,l1,FALSE,en,na,0.351376,rshift,2.126005,1,1,12,exp_g1,8,1.774629
11,64,l1,FALSE,en,na,0.428572,lshift,1.938358374,1,1,12,exp_g1,8,1.509786374
12,66,l1,FALSE,en,na,0.78000100000000006,lshift,2.565590291,1,1,12,exp_g1,8,1.785589291
13,67,l1,FALSE,en,na,0.950804,rshift,2.457005875,1,1,12,exp_g1,8,1.506201875
14,68,l1,FALSE,en,na,0.600784,lshift,2.371385541,1,1,12,exp_g1,8,1.770601541
15,71,l1,FALSE,en,na,1.261129,rshift,2.678988708,1,1,12,exp_g1,8,1.417859708
16,72,l1,FALSE,en,na,0.83156,lshift,2.181172666,1,1,12,exp_g1,8,1.349612666
17,73,l1,FALSE,en,na,0.877576,rshift,2.4068975,1,1,12,exp_g1,8,1.5293215
18,74,l1,FALSE,en,na,0.396484,lshift,1.890186125,1,1,12,exp_g1,8,1.493702125
19,75,l1,FALSE,en,na,0.913493,rshift,2.459466583,1,1,12,exp_g1,8,1.545973583
20,131,l1,TRUE,es,f0u,0.7884375,lshift,2.078716041,1,1,12,exp_g1,8,1.290278541
21,132,l1,TRUE,es,f0u,0.92128125,rshift,3.235746624,1,1,12,exp_g1,8,2.314465374
22,133,l1,TRUE,es,f0u,0.77825,lshift,2.608014874,1,1,12,exp_g1,8,1.829764874
23,134,l1,TRUE,es,f0u,0.91259375,rshift,3.654803666,1,1,12,exp_g1,8,2.742209916
24,135,l1,TRUE,es,f0u,0.8595,lshift,2.496516375,1,1,12,exp_g1,8,1.637016375
25,136,l1,TRUE,es,f0u,0.974875,rshift,2.894369542,1,1,12,exp_g1,8,1.919494542
26,137,l1,TRUE,es,f0u,0.635125,lshift,2.187015333,1,1,12,exp_g1,8,1.551890333
27,138,l1,TRUE,es,f0u,0.9708125,rshift,2.5029945,1,1,12,exp_g1,8,1.532182
28,139,l1,TRUE,es,f0u,1.1799375,lshift,2.706876999,1,1,12,exp_g1,8,1.526939499
29,140,l1,TRUE,es,f0u,1.108625,rshift,3.549694833,1,1,12,exp_g1,8,2.441069833
1,11,l1,TRUE,es,na,0.944375,lshift,3.631,1,1,21,exp_g1,50,2.686625
2,12,l1,TRUE,es,na,0.823703,rshift,2.1439,1,1,21,exp_g1,50,1.320197
3,13,l1,TRUE,es,na,1.352093,lshift,2.4242,1,1,21,exp_g1,50,1.072107
4,14,l1,TRUE,es,na,0.788685,rshift,2.1454,1,1,21,exp_g1,50,1.356715
5,15,l1,TRUE,es,na,0.882114,lshift,2.3008,1,1,21,exp_g1,50,1.418686
6,16,l1,TRUE,es,na,1.694902,rshift,2.8799,1,1,21,exp_g1,50,1.184998
7,17,l1,TRUE,es,na,1.328805,lshift,2.6615,1,1,21,exp_g1,50,1.332695
8,18,l1,TRUE,es,na,0.900375,rshift,2.3636,1,1,21,exp_g1,50,1.463225
9,19,l1,TRUE,es,na,1.44153,lshift,2.78,1,1,21,exp_g1,50,1.33847
10,20,l1,TRUE,es,na,0.99676,rshift,2.3985,1,1,21,exp_g1,50,1.40174
11,63,l1,FALSE,en,na,0.351376,rshift,1.7298,1,1,21,exp_g1,50,1.378424
12,64,l1,FALSE,en,na,0.428572,lshift,1.6783,1,1,21,exp_g1,50,1.249728
13,66,l1,FALSE,en,na,0.78000100000000006,lshift,2.0605,1,1,21,exp_g1,50,1.280499
14,67,l1,FALSE,en,na,0.950804,rshift,2.1114,1,1,21,exp_g1,50,1.160596
15,68,l1,FALSE,en,na,0.600784,lshift,2.1106,1,1,21,exp_g1,50,1.509816
16,71,l1,FALSE,en,na,1.261129,rshift,2.6437,1,1,21,exp_g1,50,1.382571
17,72,l1,FALSE,en,na,0.83156,lshift,1.9341,1,1,21,exp_g1,50,1.10254
18,73,l1,FALSE,en,na,0.877576,rshift,2.0781,1,1,21,exp_g1,50,1.200524
19,74,l1,FALSE,en,na,0.396484,lshift,1.7133,1,1,21,exp_g1,50,1.316816
20,75,l1,FALSE,en,na,0.913493,rshift,2.1633,1,1,21,exp_g1,50,1.249807
21,131,l1,TRUE,es,f0u,0.7884375,lshift,1.9173,1,1,21,exp_g1,50,1.1288625
22,132,l1,TRUE,es,f0u,0.92128125,rshift,2.2807,1,1,21,exp_g1,50,1.35941875
23,133,l1,TRUE,es,f0u,0.77825,lshift,2.2766,1,1,21,exp_g1,50,1.49835
24,134,l1,TRUE,es,f0u,0.91259375,rshift,2.3233,1,1,21,exp_g1,50,1.41070625
25,135,l1,TRUE,es,f0u,0.8595,lshift,2.1342,1,1,21,exp_g1,50,1.2747
26,136,l1,TRUE,es,f0u,0.974875,rshift,2.3907,1,1,21,exp_g1,50,1.415825
27,137,l1,TRUE,es,f0u,0.635125,lshift,2.1981,1,1,21,exp_g1,50,1.562975
28,138,l1,TRUE,es,f0u,0.9708125,rshift,2.3004,1,1,21,exp_g1,50,1.3295875
29,139,l1,TRUE,es,f0u,1.1799375,lshift,2.6248,1,1,21,exp_g1,50,1.4448625
30,140,l1,TRUE,es,f0u,1.108625,rshift,2.4481,1,1,21,exp_g1,50,1.339475
1,21,l2,TRUE,es,na,0.704021,lshift,2.5443,1,0.833333333333333,27,exp_g2,14,1.840279
2,22,l2,TRUE,es,na,0.863963,rshift,2.2112,1,0.833333333333333,27,exp_g2,14,1.347237
3,23,l2,TRUE,es,na,0.806296,lshift,2.0187,1,0.833333333333333,27,exp_g2,14,1.212404
4,24,l2,TRUE,es,na,0.817267,rshift,4.5985,1,0.833333333333333,27,exp_g2,14,3.781233
5,26,l2,TRUE,es,na,0.977641,rshift,2.2962,1,0.833333333333333,27,exp_g2,14,1.318559
6,27,l2,TRUE,es,na,0.619246,lshift,2.0457,1,0.833333333333333,27,exp_g2,14,1.4264540000000001
7,30,l2,TRUE,es,na,1.133667,rshift,3.0019,1,0.833333333333333,27,exp_g2,14,1.868233
8,98,l2,FALSE,en,na,0.376142,rshift,1.7692,1,0.833333333333333,27,exp_g2,14,1.393058
9,99,l2,FALSE,en,na,0.462405,lshift,1.6428,1,0.833333333333333,27,exp_g2,14,1.180395
10,101,l2,FALSE,en,na,0.924484,lshift,2.3441,1,0.833333333333333,27,exp_g2,14,1.419616
11,102,l2,FALSE,en,na,1.021105,rshift,2.1842,1,0.833333333333333,27,exp_g2,14,1.163095
12,103,l2,FALSE,en,na,0.594925,lshift,1.9997,1,0.833333333333333,27,exp_g2,14,1.404775
13,106,l2,FALSE,en,na,1.203962,rshift,2.6429,1,0.833333333333333,27,exp_g2,14,1.438938
14,107,l2,FALSE,en,na,0.740095,lshift,2.2616,1,0.833333333333333,27,exp_g2,14,1.521505
15,108,l2,FALSE,en,na,0.818995,rshift,2.1914,1,0.833333333333333,27,exp_g2,14,1.372405
16,109,l2,FALSE,en,na,0.344097,lshift,1.8477,1,0.833333333333333,27,exp_g2,14,1.503603
17,151,l1,TRUE,es,f0c,0.7884375,lshift,2.9195,1,0.833333333333333,27,exp_g2,14,2.1310625
18,152,l1,TRUE,es,f0c,0.92128125,rshift,2.5346,1,0.833333333333333,27,exp_g2,14,1.61331875
19,153,l1,TRUE,es,f0c,0.77825,lshift,4.3531,1,0.833333333333333,27,exp_g2,14,3.57485
20,155,l1,TRUE,es,f0c,0.8595,lshift,2.3927,1,0.833333333333333,27,exp_g2,14,1.5332
21,156,l1,TRUE,es,f0c,0.974875,rshift,4.4179,1,0.833333333333333,27,exp_g2,14,3.443025
22,157,l1,TRUE,es,f0c,0.635125,lshift,2.1959,1,0.833333333333333,27,exp_g2,14,1.560775
23,158,l1,TRUE,es,f0c,0.9708125,rshift,2.3774,1,0.833333333333333,27,exp_g2,14,1.4065875
24,159,l1,TRUE,es,f0c,1.1799375,lshift,2.6661,1,0.833333333333333,27,exp_g2,14,1.4861625
25,160,l1,TRUE,es,f0c,1.108625,rshift,4.0264,1,0.833333333333333,27,exp_g2,14,2.917775
1,21,l2,TRUE,es,na,0.704021,lshift,2.186440792,1,0.766666666666667,28,exp_g2,3,1.482419792
2,22,l2,TRUE,es,na,0.863963,rshift,2.018713292,1,0.766666666666667,28,exp_g2,3,1.154750292
3,23,l2,TRUE,es,na,0.806296,lshift,2.211712333,1,0.766666666666667,28,exp_g2,3,1.405416333
4,26,l2,TRUE,es,na,0.977641,rshift,2.318483959,1,0.766666666666667,28,exp_g2,3,1.340842959
5,27,l2,TRUE,es,na,0.619246,lshift,1.946936,1,0.766666666666667,28,exp_g2,3,1.32769
6,28,l2,TRUE,es,na,0.937816,rshift,1.952877583,1,0.766666666666667,28,exp_g2,3,1.015061583
7,30,l2,TRUE,es,na,1.133667,rshift,2.468942,1,0.766666666666667,28,exp_g2,3,1.335275
8,98,l2,FALSE,en,na,0.376142,rshift,2.034419334,1,0.766666666666667,28,exp_g2,3,1.658277334
9,99,l2,FALSE,en,na,0.462405,lshift,1.494466833,1,0.766666666666667,28,exp_g2,3,1.032061833
10,101,l2,FALSE,en,na,0.924484,lshift,2.078134917,1,0.766666666666667,28,exp_g2,3,1.153650917
11,102,l2,FALSE,en,na,1.021105,rshift,2.035493125,1,0.766666666666667,28,exp_g2,3,1.014388125
12,103,l2,FALSE,en,na,0.594925,lshift,2.071074,1,0.766666666666667,28,exp_g2,3,1.476149
13,106,l2,FALSE,en,na,1.203962,rshift,2.594853625,1,0.766666666666667,28,exp_g2,3,1.390891625
14,107,l2,FALSE,en,na,0.740095,lshift,2.129358792,1,0.766666666666667,28,exp_g2,3,1.389263792
15,108,l2,FALSE,en,na,0.818995,rshift,3.883776,1,0.766666666666667,28,exp_g2,3,3.064781
16,109,l2,FALSE,en,na,0.344097,lshift,1.661457583,1,0.766666666666667,28,exp_g2,3,1.317360583
17,110,l2,FALSE,en,na,0.973278,rshift,2.376817833,1,0.766666666666667,28,exp_g2,3,1.403539833
18,141,l2,TRUE,es,f0u,0.75509375,lshift,2.04369275,1,0.766666666666667,28,exp_g2,3,1.288599
19,144,l2,TRUE,es,f0u,0.69834375,rshift,2.631934125,1,0.766666666666667,28,exp_g2,3,1.933590375
20,145,l2,TRUE,es,f0u,0.825,lshift,2.040983666,1,0.766666666666667,28,exp_g2,3,1.215983666
21,146,l2,TRUE,es,f0u,1.63628125,rshift,3.022894667,1,0.766666666666667,28,exp_g2,3,1.386613417
22,148,l2,TRUE,es,f0u,0.739,rshift,2.977680583,1,0.766666666666667,28,exp_g2,3,2.238680583
23,149,l2,TRUE,es,f0u,1.2804375,lshift,2.71728875,1,0.766666666666667,28,exp_g2,3,1.43685125
1,21,l2,TRUE,es,na,0.704021,lshift,2.0656,1,0.9,29,exp_g2,0,1.361579
2,22,l2,TRUE,es,na,0.863963,rshift,2.569,1,0.9,29,exp_g2,0,1.705037
3,23,l2,TRUE,es,na,0.806296,lshift,2.5786,1,0.9,29,exp_g2,0,1.772304
4,24,l2,TRUE,es,na,0.817267,rshift,2.8964,1,0.9,29,exp_g2,0,2.079133
5,25,l2,TRUE,es,na,0.909694,lshift,2.5648,1,0.9,29,exp_g2,0,1.655106
6,26,l2,TRUE,es,na,0.977641,rshift,2.247,1,0.9,29,exp_g2,0,1.269359
7,27,l2,TRUE,es,na,0.619246,lshift,2.1859,1,0.9,29,exp_g2,0,1.566654
8,29,l2,TRUE,es,na,1.122001,lshift,2.8995,1,0.9,29,exp_g2,0,1.777499
9,30,l2,TRUE,es,na,1.133667,rshift,3.3472,1,0.9,29,exp_g2,0,2.213533
10,98,l2,FALSE,en,na,0.376142,rshift,2.2157,1,0.9,29,exp_g2,0,1.839558
11,99,l2,FALSE,en,na,0.462405,lshift,1.8658,1,0.9,29,exp_g2,0,1.403395
12,101,l2,FALSE,en,na,0.924484,lshift,2.363,1,0.9,29,exp_g2,0,1.438516
13,103,l2,FALSE,en,na,0.594925,lshift,2.4508,1,0.9,29,exp_g2,0,1.855875
14,106,l2,FALSE,en,na,1.203962,rshift,2.6946,1,0.9,29,exp_g2,0,1.490638
15,107,l2,FALSE,en,na,0.740095,lshift,2.276,1,0.9,29,exp_g2,0,1.535905
16,108,l2,FALSE,en,na,0.818995,rshift,2.6218,1,0.9,29,exp_g2,0,1.802805
17,109,l2,FALSE,en,na,0.344097,lshift,1.9338,1,0.9,29,exp_g2,0,1.589703
18,110,l2,FALSE,en,na,0.973278,rshift,2.4316,1,0.9,29,exp_g2,0,1.458322
19,151,l1,TRUE,es,f0c,0.7884375,lshift,2.3136,1,0.9,29,exp_g2,0,1.5251625
20,152,l1,TRUE,es,f0c,0.92128125,rshift,2.5667,1,0.9,29,exp_g2,0,1.64541875
21,153,l1,TRUE,es,f0c,0.77825,lshift,3.5795,1,0.9,29,exp_g2,0,2.80125
22,155,l1,TRUE,es,f0c,0.8595,lshift,2.3829,1,0.9,29,exp_g2,0,1.5234
23,156,l1,TRUE,es,f0c,0.974875,rshift,2.8025,1,0.9,29,exp_g2,0,1.827625
24,157,l1,TRUE,es,f0c,0.635125,lshift,2.5112,1,0.9,29,exp_g2,0,1.876075
25,158,l1,TRUE,es,f0c,0.9708125,rshift,2.7744,1,0.9,29,exp_g2,0,1.8035875
26,159,l1,TRUE,es,f0c,1.1799375,lshift,2.8801,1,0.9,29,exp_g2,0,1.7001625
27,160,l1,TRUE,es,f0c,1.108625,rshift,3.5883,1,0.9,29,exp_g2,0,2.479675
1,21,l2,TRUE,es,na,0.704021,lshift,2.248,1,0.966666666666667,33,exp_g2,12,1.543979
2,22,l2,TRUE,es,na,0.863963,rshift,2.0765,1,0.966666666666667,33,exp_g2,12,1.212537
3,23,l2,TRUE,es,na,0.806296,lshift,2.3297,1,0.966666666666667,33,exp_g2,12,1.523404
4,24,l2,TRUE,es,na,0.817267,rshift,2.4066,1,0.966666666666667,33,exp_g2,12,1.589333
5,25,l2,TRUE,es,na,0.909694,lshift,2.92,1,0.966666666666667,33,exp_g2,12,2.010306
6,26,l2,TRUE,es,na,0.977641,rshift,2.1915,1,0.966666666666667,33,exp_g2,12,1.213859
7,27,l2,TRUE,es,na,0.619246,lshift,1.983,1,0.966666666666667,33,exp_g2,12,1.363754
8,28,l2,TRUE,es,na,0.937816,rshift,2.4705,1,0.966666666666667,33,exp_g2,12,1.532684
9,30,l2,TRUE,es,na,1.133667,rshift,2.4113,1,0.966666666666667,33,exp_g2,12,1.277633
10,98,l2,FALSE,en,na,0.376142,rshift,1.8238,1,0.966666666666667,33,exp_g2,12,1.447658
11,99,l2,FALSE,en,na,0.462405,lshift,1.6992,1,0.966666666666667,33,exp_g2,12,1.236795
12,101,l2,FALSE,en,na,0.924484,lshift,2.1419,1,0.966666666666667,33,exp_g2,12,1.217416
13,102,l2,FALSE,en,na,1.021105,rshift,2.0628,1,0.966666666666667,33,exp_g2,12,1.041695
14,103,l2,FALSE,en,na,0.594925,lshift,1.9579,1,0.966666666666667,33,exp_g2,12,1.362975
15,106,l2,FALSE,en,na,1.203962,rshift,2.3756,1,0.966666666666667,33,exp_g2,12,1.171638
16,107,l2,FALSE,en,na,0.740095,lshift,2.0474,1,0.966666666666667,33,exp_g2,12,1.307305
17,108,l2,FALSE,en,na,0.818995,rshift,2.2241,1,0.966666666666667,33,exp_g2,12,1.405105
18,109,l2,FALSE,en,na,0.344097,lshift,1.6086,1,0.966666666666667,33,exp_g2,12,1.264503
19,110,l2,FALSE,en,na,0.973278,rshift,2.3628,1,0.966666666666667,33,exp_g2,12,1.389522
20,151,l1,TRUE,es,f0c,0.7884375,lshift,1.9798,1,0.966666666666667,33,exp_g2,12,1.1913625
21,152,l1,TRUE,es,f0c,0.92128125,rshift,2.3238,1,0.966666666666667,33,exp_g2,12,1.40251875
22,153,l1,TRUE,es,f0c,0.77825,lshift,2.2616,1,0.966666666666667,33,exp_g2,12,1.48335
23,154,l1,TRUE,es,f0c,0.91259375,rshift,3.4741,1,0.966666666666667,33,exp_g2,12,2.56150625
24,155,l1,TRUE,es,f0c,0.8595,lshift,2.1585,1,0.966666666666667,33,exp_g2,12,1.299
25,156,l1,TRUE,es,f0c,0.974875,rshift,2.718,1,0.966666666666667,33,exp_g2,12,1.743125
26,157,l1,TRUE,es,f0c,0.635125,lshift,2.0992,1,0.966666666666667,33,exp_g2,12,1.464075
27,158,l1,TRUE,es,f0c,0.9708125,rshift,2.3009,1,0.966666666666667,33,exp_g2,12,1.3300875
28,159,l1,TRUE,es,f0c,1.1799375,lshift,2.5734,1,0.966666666666667,33,exp_g2,12,1.3934625
29,160,l1,TRUE,es,f0c,1.108625,rshift,2.6138,1,0.966666666666667,33,exp_g2,12,1.505175
1,11,l1,TRUE,es,na,0.944375,lshift,3.3065,1,1,42,exp_g1,22,2.362125
2,12,l1,TRUE,es,na,0.823703,rshift,2.9853,1,1,42,exp_g1,22,2.161597
3,13,l1,TRUE,es,na,1.352093,lshift,2.9101,1,1,42,exp_g1,22,1.558007
4,14,l1,TRUE,es,na,0.788685,rshift,2.2701,1,1,42,exp_g1,22,1.481415
5,15,l1,TRUE,es,na,0.882114,lshift,2.3637,1,1,42,exp_g1,22,1.481586
6,16,l1,TRUE,es,na,1.694902,rshift,2.9477,1,1,42,exp_g1,22,1.252798
7,17,l1,TRUE,es,na,1.328805,lshift,2.673,1,1,42,exp_g1,22,1.344195
8,18,l1,TRUE,es,na,0.900375,rshift,2.3447,1,1,42,exp_g1,22,1.444325
9,19,l1,TRUE,es,na,1.44153,lshift,2.7553,1,1,42,exp_g1,22,1.31377
10,20,l1,TRUE,es,na,0.99676,rshift,2.4087,1,1,42,exp_g1,22,1.41194
11,63,l1,FALSE,en,na,0.351376,rshift,1.9423,1,1,42,exp_g1,22,1.590924
12,64,l1,FALSE,en,na,0.428572,lshift,1.7487,1,1,42,exp_g1,22,1.320128
13,66,l1,FALSE,en,na,0.78000100000000006,lshift,2.2257,1,1,42,exp_g1,22,1.445699
14,67,l1,FALSE,en,na,0.950804,rshift,2.1113,1,1,42,exp_g1,22,1.160496
15,68,l1,FALSE,en,na,0.600784,lshift,2.2376,1,1,42,exp_g1,22,1.636816
16,71,l1,FALSE,en,na,1.261129,rshift,2.4456,1,1,42,exp_g1,22,1.184471
17,72,l1,FALSE,en,na,0.83156,lshift,2.0583,1,1,42,exp_g1,22,1.22674
18,73,l1,FALSE,en,na,0.877576,rshift,2.1033,1,1,42,exp_g1,22,1.225724
19,74,l1,FALSE,en,na,0.396484,lshift,1.9003,1,1,42,exp_g1,22,1.503816
20,75,l1,FALSE,en,na,0.913493,rshift,2.1181,1,1,42,exp_g1,22,1.204607
21,131,l1,TRUE,es,f0u,0.7884375,lshift,2.2105,1,1,42,exp_g1,22,1.4220625
22,132,l1,TRUE,es,f0u,0.92128125,rshift,3.0475,1,1,42,exp_g1,22,2.12621875
23,133,l1,TRUE,es,f0u,0.77825,lshift,2.3104,1,1,42,exp_g1,22,1.53215
24,134,l1,TRUE,es,f0u,0.91259375,rshift,2.8409,1,1,42,exp_g1,22,1.92830625
25,135,l1,TRUE,es,f0u,0.8595,lshift,2.2932,1,1,42,exp_g1,22,1.4337
26,136,l1,TRUE,es,f0u,0.974875,rshift,3.5679,1,1,42,exp_g1,22,2.593025
27,137,l1,TRUE,es,f0u,0.635125,lshift,2.0769,1,1,42,exp_g1,22,1.441775
28,138,l1,TRUE,es,f0u,0.9708125,rshift,2.4573,1,1,42,exp_g1,22,1.4864875
29,139,l1,TRUE,es,f0u,1.1799375,lshift,2.875,1,1,42,exp_g1,22,1.6950625
30,140,l1,TRUE,es,f0u,1.108625,rshift,2.8235,1,1,42,exp_g1,22,1.714875
1,11,l1,TRUE,es,na,0.944375,lshift,3.150265542,1,0.866666666666667,52,exp_g1,11,2.205890542
2,13,l1,TRUE,es,na,1.352093,lshift,3.066672458,1,0.866666666666667,52,exp_g1,11,1.714579458
3,14,l1,TRUE,es,na,0.788685,rshift,2.5843005,1,0.866666666666667,52,exp_g1,11,1.7956155
4,15,l1,TRUE,es,na,0.882114,lshift,2.744366834,1,0.866666666666667,52,exp_g1,11,1.862252834
5,16,l1,TRUE,es,na,1.694902,rshift,3.276699042,1,0.866666666666667,52,exp_g1,11,1.581797042
6,17,l1,TRUE,es,na,1.328805,lshift,3.566165667,1,0.866666666666667,52,exp_g1,11,2.237360667
7,18,l1,TRUE,es,na,0.900375,rshift,4.258899833,1,0.866666666666667,52,exp_g1,11,3.358524833
8,19,l1,TRUE,es,na,1.44153,lshift,3.297999375,1,0.866666666666667,52,exp_g1,11,1.856469375
9,63,l1,FALSE,en,na,0.351376,rshift,1.954134791,1,0.866666666666667,52,exp_g1,11,1.602758791
10,64,l1,FALSE,en,na,0.428572,lshift,1.90403775,1,0.866666666666667,52,exp_g1,11,1.47546575
11,66,l1,FALSE,en,na,0.78000100000000006,lshift,2.217448584,1,0.866666666666667,52,exp_g1,11,1.437447584
12,67,l1,FALSE,en,na,0.950804,rshift,2.259444,1,0.866666666666667,52,exp_g1,11,1.30864
13,68,l1,FALSE,en,na,0.600784,lshift,2.553678834,1,0.866666666666667,52,exp_g1,11,1.952894834
14,71,l1,FALSE,en,na,1.261129,rshift,2.684760459,1,0.866666666666667,52,exp_g1,11,1.423631459
15,72,l1,FALSE,en,na,0.83156,lshift,2.335198291,1,0.866666666666667,52,exp_g1,11,1.503638291
16,73,l1,FALSE,en,na,0.877576,rshift,2.436679833,1,0.866666666666667,52,exp_g1,11,1.559103833
17,74,l1,FALSE,en,na,0.396484,lshift,2.616720917,1,0.866666666666667,52,exp_g1,11,2.220236917
18,75,l1,FALSE,en,na,0.913493,rshift,2.4390165,1,0.866666666666667,52,exp_g1,11,1.5255235
19,132,l1,TRUE,es,f0u,0.92128125,rshift,2.566476042,1,0.866666666666667,52,exp_g1,11,1.645194792
20,133,l1,TRUE,es,f0u,0.77825,lshift,2.654857583,1,0.866666666666667,52,exp_g1,11,1.876607583
21,135,l1,TRUE,es,f0u,0.8595,lshift,2.385285666,1,0.866666666666667,52,exp_g1,11,1.525785666
22,136,l1,TRUE,es,f0u,0.974875,rshift,3.437316292,1,0.866666666666667,52,exp_g1,11,2.462441292
23,137,l1,TRUE,es,f0u,0.635125,lshift,2.451126042,1,0.866666666666667,52,exp_g1,11,1.816001042
24,138,l1,TRUE,es,f0u,0.9708125,rshift,2.558981667,1,0.866666666666667,52,exp_g1,11,1.588169167
25,139,l1,TRUE,es,f0u,1.1799375,lshift,2.882952459,1,0.866666666666667,52,exp_g1,11,1.703014959
1,21,l2,TRUE,es,na,0.704021,lshift,2.2567,1,0.966666666666667,54,exp_g2,8,1.552679
2,22,l2,TRUE,es,na,0.863963,rshift,3.3995,1,0.966666666666667,54,exp_g2,8,2.535537
3,23,l2,TRUE,es,na,0.806296,lshift,2.8016,1,0.966666666666667,54,exp_g2,8,1.995304
4,24,l2,TRUE,es,na,0.817267,rshift,3.1288,1,0.966666666666667,54,exp_g2,8,2.311533
5,25,l2,TRUE,es,na,0.909694,lshift,2.4311,1,0.966666666666667,54,exp_g2,8,1.521406
6,26,l2,TRUE,es,na,0.977641,rshift,2.3851,1,0.966666666666667,54,exp_g2,8,1.407459
7,27,l2,TRUE,es,na,0.619246,lshift,2.0583,1,0.966666666666667,54,exp_g2,8,1.439054
8,28,l2,TRUE,es,na,0.937816,rshift,3.0743,1,0.966666666666667,54,exp_g2,8,2.136484
9,29,l2,TRUE,es,na,1.122001,lshift,2.7913,1,0.966666666666667,54,exp_g2,8,1.669299
10,30,l2,TRUE,es,na,1.133667,rshift,2.958,1,0.966666666666667,54,exp_g2,8,1.824333
11,98,l2,FALSE,en,na,0.376142,rshift,2.1352,1,0.966666666666667,54,exp_g2,8,1.759058
12,99,l2,FALSE,en,na,0.462405,lshift,2.1399,1,0.966666666666667,54,exp_g2,8,1.677495
13,101,l2,FALSE,en,na,0.924484,lshift,2.3769,1,0.966666666666667,54,exp_g2,8,1.452416
14,102,l2,FALSE,en,na,1.021105,rshift,2.6344,1,0.966666666666667,54,exp_g2,8,1.613295
15,103,l2,FALSE,en,na,0.594925,lshift,2.3404,1,0.966666666666667,54,exp_g2,8,1.745475
16,106,l2,FALSE,en,na,1.203962,rshift,3.18,1,0.966666666666667,54,exp_g2,8,1.976038
17,107,l2,FALSE,en,na,0.740095,lshift,2.7083,1,0.966666666666667,54,exp_g2,8,1.968205
18,108,l2,FALSE,en,na,0.818995,rshift,2.8076,1,0.966666666666667,54,exp_g2,8,1.988605
19,109,l2,FALSE,en,na,0.344097,lshift,1.8405,1,0.966666666666667,54,exp_g2,8,1.496403
20,110,l2,FALSE,en,na,0.973278,rshift,2.4685,1,0.966666666666667,54,exp_g2,8,1.495222
21,151,l1,TRUE,es,f0c,0.7884375,lshift,2.3964,1,0.966666666666667,54,exp_g2,8,1.6079625
22,152,l1,TRUE,es,f0c,0.92128125,rshift,2.6077,1,0.966666666666667,54,exp_g2,8,1.68641875
23,153,l1,TRUE,es,f0c,0.77825,lshift,2.7087,1,0.966666666666667,54,exp_g2,8,1.93045
24,155,l1,TRUE,es,f0c,0.8595,lshift,2.3422,1,0.966666666666667,54,exp_g2,8,1.4827
25,156,l1,TRUE,es,f0c,0.974875,rshift,2.6674,1,0.966666666666667,54,exp_g2,8,1.692525
26,157,l1,TRUE,es,f0c,0.635125,lshift,2.763,1,0.966666666666667,54,exp_g2,8,2.127875
27,158,l1,TRUE,es,f0c,0.9708125,rshift,3.2273,1,0.966666666666667,54,exp_g2,8,2.2564875
28,159,l1,TRUE,es,f0c,1.1799375,lshift,3.6228,1,0.966666666666667,54,exp_g2,8,2.4428625
29,160,l1,TRUE,es,f0c,1.108625,rshift,3.9841,1,0.966666666666667,54,exp_g2,8,2.875475
1,21,l2,TRUE,es,na,0.704021,lshift,2.3081,1,0.9,58,exp_g2,3,1.604079
2,22,l2,TRUE,es,na,0.863963,rshift,2.2985,1,0.9,58,exp_g2,3,1.434537
3,23,l2,TRUE,es,na,0.806296,lshift,2.2991,1,0.9,58,exp_g2,3,1.492804
4,24,l2,TRUE,es,na,0.817267,rshift,2.5247,1,0.9,58,exp_g2,3,1.707433
5,25,l2,TRUE,es,na,0.909694,lshift,2.5301,1,0.9,58,exp_g2,3,1.620406
6,26,l2,TRUE,es,na,0.977641,rshift,2.4043,1,0.9,58,exp_g2,3,1.426659
7,27,l2,TRUE,es,na,0.619246,lshift,2.3262,1,0.9,58,exp_g2,3,1.706954
8,29,l2,TRUE,es,na,1.122001,lshift,3.0303,1,0.9,58,exp_g2,3,1.908299
9,30,l2,TRUE,es,na,1.133667,rshift,2.661,1,0.9,58,exp_g2,3,1.527333
10,98,l2,FALSE,en,na,0.376142,rshift,2.1079,1,0.9,58,exp_g2,3,1.731758
11,99,l2,FALSE,en,na,0.462405,lshift,1.7081,1,0.9,58,exp_g2,3,1.245695
12,101,l2,FALSE,en,na,0.924484,lshift,2.2917,1,0.9,58,exp_g2,3,1.367216
13,103,l2,FALSE,en,na,0.594925,lshift,2.2233,1,0.9,58,exp_g2,3,1.628375
14,106,l2,FALSE,en,na,1.203962,rshift,2.6968,1,0.9,58,exp_g2,3,1.492838
15,107,l2,FALSE,en,na,0.740095,lshift,2.1735,1,0.9,58,exp_g2,3,1.433405
16,108,l2,FALSE,en,na,0.818995,rshift,2.3263,1,0.9,58,exp_g2,3,1.507305
17,109,l2,FALSE,en,na,0.344097,lshift,2.0286,1,0.9,58,exp_g2,3,1.684503
18,110,l2,FALSE,en,na,0.973278,rshift,2.2836,1,0.9,58,exp_g2,3,1.310322
19,151,l1,TRUE,es,f0c,0.7884375,lshift,2.463,1,0.9,58,exp_g2,3,1.6745625
20,152,l1,TRUE,es,f0c,0.92128125,rshift,2.6674,1,0.9,58,exp_g2,3,1.74611875
21,153,l1,TRUE,es,f0c,0.77825,lshift,2.5854,1,0.9,58,exp_g2,3,1.80715
22,155,l1,TRUE,es,f0c,0.8595,lshift,2.3579,1,0.9,58,exp_g2,3,1.4984
23,156,l1,TRUE,es,f0c,0.974875,rshift,3.2119,1,0.9,58,exp_g2,3,2.237025
24,157,l1,TRUE,es,f0c,0.635125,lshift,2.1273,1,0.9,58,exp_g2,3,1.492175
25,158,l1,TRUE,es,f0c,0.9708125,rshift,2.5858,1,0.9,58,exp_g2,3,1.6149875
26,159,l1,TRUE,es,f0c,1.1799375,lshift,2.8044,1,0.9,58,exp_g2,3,1.6244625
27,160,l1,TRUE,es,f0c,1.108625,rshift,3.6482,1,0.9,58,exp_g2,3,2.539575
1,21,l2,TRUE,es,na,0.704021,lshift,2.5458,1,0.833333333333333,62,exp_g2,5,1.841779
2,22,l2,TRUE,es,na,0.863963,rshift,2.353,1,0.833333333333333,62,exp_g2,5,1.489037
3,24,l2,TRUE,es,na,0.817267,rshift,2.9391,1,0.833333333333333,62,exp_g2,5,2.121833
4,26,l2,TRUE,es,na,0.977641,rshift,2.3069,1,0.833333333333333,62,exp_g2,5,1.329259
5,27,l2,TRUE,es,na,0.619246,lshift,2.0148,1,0.833333333333333,62,exp_g2,5,1.395554
6,28,l2,TRUE,es,na,0.937816,rshift,3.0101,1,0.833333333333333,62,exp_g2,5,2.072284
7,30,l2,TRUE,es,na,1.133667,rshift,2.6326,1,0.833333333333333,62,exp_g2,5,1.498933
8,98,l2,FALSE,en,na,0.376142,rshift,2.0228,1,0.833333333333333,62,exp_g2,5,1.646658
9,99,l2,FALSE,en,na,0.462405,lshift,1.8068,1,0.833333333333333,62,exp_g2,5,1.344395
10,101,l2,FALSE,en,na,0.924484,lshift,2.4624,1,0.833333333333333,62,exp_g2,5,1.537916
11,102,l2,FALSE,en,na,1.021105,rshift,2.5086,1,0.833333333333333,62,exp_g2,5,1.487495
12,103,l2,FALSE,en,na,0.594925,lshift,2.2118,1,0.833333333333333,62,exp_g2,5,1.616875
13,106,l2,FALSE,en,na,1.203962,rshift,2.7429,1,0.833333333333333,62,exp_g2,5,1.538938
14,107,l2,FALSE,en,na,0.740095,lshift,2.0126,1,0.833333333333333,62,exp_g2,5,1.272505
15,108,l2,FALSE,en,na,0.818995,rshift,2.6101,1,0.833333333333333,62,exp_g2,5,1.791105
16,109,l2,FALSE,en,na,0.344097,lshift,2.0421,1,0.833333333333333,62,exp_g2,5,1.698003
17,110,l2,FALSE,en,na,0.973278,rshift,2.2648,1,0.833333333333333,62,exp_g2,5,1.291522
18,151,l1,TRUE,es,f0c,0.7884375,lshift,2.1745,1,0.833333333333333,62,exp_g2,5,1.3860625
19,152,l1,TRUE,es,f0c,0.92128125,rshift,2.2763,1,0.833333333333333,62,exp_g2,5,1.35501875
20,153,l1,TRUE,es,f0c,0.77825,lshift,2.4563,1,0.833333333333333,62,exp_g2,5,1.67805
21,155,l1,TRUE,es,f0c,0.8595,lshift,2.2284,1,0.833333333333333,62,exp_g2,5,1.3689
22,157,l1,TRUE,es,f0c,0.635125,lshift,2.1202,1,0.833333333333333,62,exp_g2,5,1.485075
23,158,l1,TRUE,es,f0c,0.9708125,rshift,2.4279,1,0.833333333333333,62,exp_g2,5,1.4570875
24,159,l1,TRUE,es,f0c,1.1799375,lshift,2.6397,1,0.833333333333333,62,exp_g2,5,1.4597625
25,160,l1,TRUE,es,f0c,1.108625,rshift,3.0168,1,0.833333333333333,62,exp_g2,5,1.908175
1,21,l2,TRUE,es,na,0.704021,lshift,2.3075,1,0.966666666666667,64,exp_g2,6,1.603479
2,22,l2,TRUE,es,na,0.863963,rshift,2.179,1,0.966666666666667,64,exp_g2,6,1.315037
3,23,l2,TRUE,es,na,0.806296,lshift,2.4533,1,0.966666666666667,64,exp_g2,6,1.647004
4,24,l2,TRUE,es,na,0.817267,rshift,3.2273,1,0.966666666666667,64,exp_g2,6,2.410033
5,26,l2,TRUE,es,na,0.977641,rshift,2.6542,1,0.966666666666667,64,exp_g2,6,1.676559
6,27,l2,TRUE,es,na,0.619246,lshift,2.3065,1,0.966666666666667,64,exp_g2,6,1.687254
7,28,l2,TRUE,es,na,0.937816,rshift,2.1899,1,0.966666666666667,64,exp_g2,6,1.252084
8,29,l2,TRUE,es,na,1.122001,lshift,3.8531,1,0.966666666666667,64,exp_g2,6,2.731099
9,30,l2,TRUE,es,na,1.133667,rshift,2.7625,1,0.966666666666667,64,exp_g2,6,1.628833
10,98,l2,FALSE,en,na,0.376142,rshift,2.3274,1,0.966666666666667,64,exp_g2,6,1.951258
11,99,l2,FALSE,en,na,0.462405,lshift,1.9023,1,0.966666666666667,64,exp_g2,6,1.439895
12,101,l2,FALSE,en,na,0.924484,lshift,2.3614,1,0.966666666666667,64,exp_g2,6,1.436916
13,102,l2,FALSE,en,na,1.021105,rshift,2.699,1,0.966666666666667,64,exp_g2,6,1.677895
14,103,l2,FALSE,en,na,0.594925,lshift,2.3238,1,0.966666666666667,64,exp_g2,6,1.728875
15,106,l2,FALSE,en,na,1.203962,rshift,2.7815,1,0.966666666666667,64,exp_g2,6,1.577538
16,107,l2,FALSE,en,na,0.740095,lshift,2.1982,1,0.966666666666667,64,exp_g2,6,1.458105
17,108,l2,FALSE,en,na,0.818995,rshift,2.1623,1,0.966666666666667,64,exp_g2,6,1.343305
18,109,l2,FALSE,en,na,0.344097,lshift,1.691,1,0.966666666666667,64,exp_g2,6,1.346903
19,110,l2,FALSE,en,na,0.973278,rshift,2.313,1,0.966666666666667,64,exp_g2,6,1.339722
20,151,l1,TRUE,es,f0c,0.7884375,lshift,2.4934,1,0.966666666666667,64,exp_g2,6,1.7049625
21,152,l1,TRUE,es,f0c,0.92128125,rshift,2.3626,1,0.966666666666667,64,exp_g2,6,1.44131875
22,153,l1,TRUE,es,f0c,0.77825,lshift,2.9477,1,0.966666666666667,64,exp_g2,6,2.16945
23,154,l1,TRUE,es,f0c,0.91259375,rshift,3.4278,1,0.966666666666667,64,exp_g2,6,2.51520625
24,155,l1,TRUE,es,f0c,0.8595,lshift,2.316,1,0.966666666666667,64,exp_g2,6,1.4565
25,156,l1,TRUE,es,f0c,0.974875,rshift,3.7439,1,0.966666666666667,64,exp_g2,6,2.769025
26,157,l1,TRUE,es,f0c,0.635125,lshift,2.614,1,0.966666666666667,64,exp_g2,6,1.978875
27,158,l1,TRUE,es,f0c,0.9708125,rshift,2.8249,1,0.966666666666667,64,exp_g2,6,1.8540875
28,159,l1,TRUE,es,f0c,1.1799375,lshift,2.7685,1,0.966666666666667,64,exp_g2,6,1.5885625
29,160,l1,TRUE,es,f0c,1.108625,rshift,4.1539,1,0.966666666666667,64,exp_g2,6,3.045275
1,12,l1,TRUE,es,na,0.823703,rshift,2.798144125,1,0.9,65,exp_g1,2,1.974441125
2,13,l1,TRUE,es,na,1.352093,lshift,2.998631833,1,0.9,65,exp_g1,2,1.646538833
3,14,l1,TRUE,es,na,0.788685,rshift,2.366582041,1,0.9,65,exp_g1,2,1.577897041
4,15,l1,TRUE,es,na,0.882114,lshift,2.132350708,1,0.9,65,exp_g1,2,1.250236708
5,16,l1,TRUE,es,na,1.694902,rshift,2.959787459,1,0.9,65,exp_g1,2,1.264885459
6,17,l1,TRUE,es,na,1.328805,lshift,2.69643575,1,0.9,65,exp_g1,2,1.36763075
7,19,l1,TRUE,es,na,1.44153,lshift,2.885078416,1,0.9,65,exp_g1,2,1.443548416
8,20,l1,TRUE,es,na,0.99676,rshift,2.496069708,1,0.9,65,exp_g1,2,1.499309708
9,63,l1,FALSE,en,na,0.351376,rshift,1.796138625,1,0.9,65,exp_g1,2,1.444762625
10,64,l1,FALSE,en,na,0.428572,lshift,1.923029708,1,0.9,65,exp_g1,2,1.494457708
11,66,l1,FALSE,en,na,0.78000100000000006,lshift,2.252674792,1,0.9,65,exp_g1,2,1.472673792
12,67,l1,FALSE,en,na,0.950804,rshift,2.236905333,1,0.9,65,exp_g1,2,1.286101333
13,68,l1,FALSE,en,na,0.600784,lshift,2.017785916,1,0.9,65,exp_g1,2,1.417001916
14,71,l1,FALSE,en,na,1.261129,rshift,2.659649375,1,0.9,65,exp_g1,2,1.398520375
15,72,l1,FALSE,en,na,0.83156,lshift,2.0631605,1,0.9,65,exp_g1,2,1.2316005
16,73,l1,FALSE,en,na,0.877576,rshift,2.188976958,1,0.9,65,exp_g1,2,1.311400958
17,74,l1,FALSE,en,na,0.396484,lshift,1.826541583,1,0.9,65,exp_g1,2,1.430057583
18,75,l1,FALSE,en,na,0.913493,rshift,2.251358916,1,0.9,65,exp_g1,2,1.337865916
19,131,l1,TRUE,es,f0u,0.7884375,lshift,2.155837625,1,0.9,65,exp_g1,2,1.367400125
20,132,l1,TRUE,es,f0u,0.92128125,rshift,2.250381792,1,0.9,65,exp_g1,2,1.329100542
21,133,l1,TRUE,es,f0u,0.77825,lshift,2.667171584,1,0.9,65,exp_g1,2,1.888921584
22,135,l1,TRUE,es,f0u,0.8595,lshift,2.234045375,1,0.9,65,exp_g1,2,1.374545375
23,136,l1,TRUE,es,f0u,0.974875,rshift,2.865509875,1,0.9,65,exp_g1,2,1.890634875
24,137,l1,TRUE,es,f0u,0.635125,lshift,2.0827295,1,0.9,65,exp_g1,2,1.4476045
25,138,l1,TRUE,es,f0u,0.9708125,rshift,2.561772208,1,0.9,65,exp_g1,2,1.590959708
26,139,l1,TRUE,es,f0u,1.1799375,lshift,2.774440792,1,0.9,65,exp_g1,2,1.594503292
27,140,l1,TRUE,es,f0u,1.108625,rshift,2.9927785,1,0.9,65,exp_g1,2,1.8841535
1,22,l2,TRUE,es,na,0.863963,rshift,2.6522,1,0.766666666666667,67,exp_g2,-1,1.788237
2,24,l2,TRUE,es,na,0.817267,rshift,2.8863,1,0.766666666666667,67,exp_g2,-1,2.069033
3,27,l2,TRUE,es,na,0.619246,lshift,2.5765,1,0.766666666666667,67,exp_g2,-1,1.957254
4,28,l2,TRUE,es,na,0.937816,rshift,3.317,1,0.766666666666667,67,exp_g2,-1,2.379184
5,29,l2,TRUE,es,na,1.122001,lshift,3.201,1,0.766666666666667,67,exp_g2,-1,2.078999
6,30,l2,TRUE,es,na,1.133667,rshift,3.2216,1,0.766666666666667,67,exp_g2,-1,2.087933
7,98,l2,FALSE,en,na,0.376142,rshift,2.2273,1,0.766666666666667,67,exp_g2,-1,1.851158
8,99,l2,FALSE,en,na,0.462405,lshift,1.9751,1,0.766666666666667,67,exp_g2,-1,1.512695
9,101,l2,FALSE,en,na,0.924484,lshift,2.6518,1,0.766666666666667,67,exp_g2,-1,1.727316
10,102,l2,FALSE,en,na,1.021105,rshift,2.9522,1,0.766666666666667,67,exp_g2,-1,1.931095
11,103,l2,FALSE,en,na,0.594925,lshift,2.6326,1,0.766666666666667,67,exp_g2,-1,2.037675
12,106,l2,FALSE,en,na,1.203962,rshift,2.8905,1,0.766666666666667,67,exp_g2,-1,1.686538
13,107,l2,FALSE,en,na,0.740095,lshift,2.5202,1,0.766666666666667,67,exp_g2,-1,1.780105
14,108,l2,FALSE,en,na,0.818995,rshift,2.5863,1,0.766666666666667,67,exp_g2,-1,1.767305
15,109,l2,FALSE,en,na,0.344097,lshift,2.12,1,0.766666666666667,67,exp_g2,-1,1.775903
16,110,l2,FALSE,en,na,0.973278,rshift,2.5811,1,0.766666666666667,67,exp_g2,-1,1.607822
17,151,l1,TRUE,es,f0c,0.7884375,lshift,2.8521,1,0.766666666666667,67,exp_g2,-1,2.0636625
18,152,l1,TRUE,es,f0c,0.92128125,rshift,2.5859,1,0.766666666666667,67,exp_g2,-1,1.66461875
19,155,l1,TRUE,es,f0c,0.8595,lshift,2.5026,1,0.766666666666667,67,exp_g2,-1,1.6431
20,156,l1,TRUE,es,f0c,0.974875,rshift,4.3654,1,0.766666666666667,67,exp_g2,-1,3.390525
21,157,l1,TRUE,es,f0c,0.635125,lshift,2.7356,1,0.766666666666667,67,exp_g2,-1,2.100475
22,159,l1,TRUE,es,f0c,1.1799375,lshift,3.0817,1,0.766666666666667,67,exp_g2,-1,1.9017625
23,160,l1,TRUE,es,f0c,1.108625,rshift,3.2854,1,0.766666666666667,67,exp_g2,-1,2.176775
1,11,l1,TRUE,es,na,0.944375,lshift,2.666977374,1,0.833333333333333,68,exp_g1,1,1.722602374
2,12,l1,TRUE,es,na,0.823703,rshift,2.855989583,1,0.833333333333333,68,exp_g1,1,2.032286583
3,14,l1,TRUE,es,na,0.788685,rshift,2.647232124,1,0.833333333333333,68,exp_g1,1,1.858547124
4,15,l1,TRUE,es,na,0.882114,lshift,4.833840916,1,0.833333333333333,68,exp_g1,1,3.951726916
5,16,l1,TRUE,es,na,1.694902,rshift,3.373792083,1,0.833333333333333,68,exp_g1,1,1.678890083
6,17,l1,TRUE,es,na,1.328805,lshift,3.812655833,1,0.833333333333333,68,exp_g1,1,2.483850833
7,19,l1,TRUE,es,na,1.44153,lshift,3.125430666,1,0.833333333333333,68,exp_g1,1,1.683900666
8,63,l1,FALSE,en,na,0.351376,rshift,1.767320541,1,0.833333333333333,68,exp_g1,1,1.415944541
9,64,l1,FALSE,en,na,0.428572,lshift,2.039571166,1,0.833333333333333,68,exp_g1,1,1.610999166
10,66,l1,FALSE,en,na,0.78000100000000006,lshift,2.251348833,1,0.833333333333333,68,exp_g1,1,1.471347833
11,67,l1,FALSE,en,na,0.950804,rshift,2.491859833,1,0.833333333333333,68,exp_g1,1,1.541055833
12,68,l1,FALSE,en,na,0.600784,lshift,2.4025395,1,0.833333333333333,68,exp_g1,1,1.8017555
13,71,l1,FALSE,en,na,1.261129,rshift,2.705067625,1,0.833333333333333,68,exp_g1,1,1.443938625
14,72,l1,FALSE,en,na,0.83156,lshift,2.23053975,1,0.833333333333333,68,exp_g1,1,1.39897975
15,73,l1,FALSE,en,na,0.877576,rshift,2.304684875,1,0.833333333333333,68,exp_g1,1,1.427108875
16,74,l1,FALSE,en,na,0.396484,lshift,1.851720417,1,0.833333333333333,68,exp_g1,1,1.455236417
17,75,l1,FALSE,en,na,0.913493,rshift,2.440931833,1,0.833333333333333,68,exp_g1,1,1.527438833
18,131,l1,TRUE,es,f0u,0.7884375,lshift,3.436666167,1,0.833333333333333,68,exp_g1,1,2.648228667
19,132,l1,TRUE,es,f0u,0.92128125,rshift,2.553308083,1,0.833333333333333,68,exp_g1,1,1.632026833
20,133,l1,TRUE,es,f0u,0.77825,lshift,2.556124708,1,0.833333333333333,68,exp_g1,1,1.777874708
21,135,l1,TRUE,es,f0u,0.8595,lshift,2.400553999,1,0.833333333333333,68,exp_g1,1,1.541053999
22,136,l1,TRUE,es,f0u,0.974875,rshift,3.471286208,1,0.833333333333333,68,exp_g1,1,2.496411208
23,137,l1,TRUE,es,f0u,0.635125,lshift,2.272429375,1,0.833333333333333,68,exp_g1,1,1.637304375
24,138,l1,TRUE,es,f0u,0.9708125,rshift,3.201570541,1,0.833333333333333,68,exp_g1,1,2.230758041
25,139,l1,TRUE,es,f0u,1.1799375,lshift,2.843328583,1,0.833333333333333,68,exp_g1,1,1.663391083
1,11,l1,TRUE,es,na,0.944375,lshift,2.7305,1,0.966666666666667,70,exp_g1,31,1.786125
2,12,l1,TRUE,es,na,0.823703,rshift,2.8514,1,0.966666666666667,70,exp_g1,31,2.027697
3,13,l1,TRUE,es,na,1.352093,lshift,2.9699,1,0.966666666666667,70,exp_g1,31,1.617807
4,14,l1,TRUE,es,na,0.788685,rshift,2.6667,1,0.966666666666667,70,exp_g1,31,1.878015
5,15,l1,TRUE,es,na,0.882114,lshift,2.6872,1,0.966666666666667,70,exp_g1,31,1.805086
6,16,l1,TRUE,es,na,1.694902,rshift,3.3809,1,0.966666666666667,70,exp_g1,31,1.685998
7,17,l1,TRUE,es,na,1.328805,lshift,2.9769,1,0.966666666666667,70,exp_g1,31,1.648095
8,18,l1,TRUE,es,na,0.900375,rshift,2.5008,1,0.966666666666667,70,exp_g1,31,1.600425
9,19,l1,TRUE,es,na,1.44153,lshift,3.196,1,0.966666666666667,70,exp_g1,31,1.75447
10,20,l1,TRUE,es,na,0.99676,rshift,2.7099,1,0.966666666666667,70,exp_g1,31,1.71314
11,63,l1,FALSE,en,na,0.351376,rshift,1.7243,1,0.966666666666667,70,exp_g1,31,1.372924
12,64,l1,FALSE,en,na,0.428572,lshift,1.7684,1,0.966666666666667,70,exp_g1,31,1.339828
13,66,l1,FALSE,en,na,0.78000100000000006,lshift,2.6242,1,0.966666666666667,70,exp_g1,31,1.844199
14,67,l1,FALSE,en,na,0.950804,rshift,2.299,1,0.966666666666667,70,exp_g1,31,1.348196
15,68,l1,FALSE,en,na,0.600784,lshift,2.4115,1,0.966666666666667,70,exp_g1,31,1.810716
16,71,l1,FALSE,en,na,1.261129,rshift,2.8546,1,0.966666666666667,70,exp_g1,31,1.593471
17,73,l1,FALSE,en,na,0.877576,rshift,2.5228,1,0.966666666666667,70,exp_g1,31,1.645224
18,74,l1,FALSE,en,na,0.396484,lshift,2.0088,1,0.966666666666667,70,exp_g1,31,1.612316
19,75,l1,FALSE,en,na,0.913493,rshift,2.3945,1,0.966666666666667,70,exp_g1,31,1.481007
20,131,l1,TRUE,es,f0u,0.7884375,lshift,3.2011,1,0.966666666666667,70,exp_g1,31,2.4126625
21,132,l1,TRUE,es,f0u,0.92128125,rshift,3.0368,1,0.966666666666667,70,exp_g1,31,2.11551875
22,133,l1,TRUE,es,f0u,0.77825,lshift,2.4774,1,0.966666666666667,70,exp_g1,31,1.69915
23,134,l1,TRUE,es,f0u,0.91259375,rshift,2.6907,1,0.966666666666667,70,exp_g1,31,1.77810625
24,135,l1,TRUE,es,f0u,0.8595,lshift,2.3796,1,0.966666666666667,70,exp_g1,31,1.5201
25,136,l1,TRUE,es,f0u,0.974875,rshift,2.7888,1,0.966666666666667,70,exp_g1,31,1.813925
26,137,l1,TRUE,es,f0u,0.635125,lshift,2.4776,1,0.966666666666667,70,exp_g1,31,1.842475
27,138,l1,TRUE,es,f0u,0.9708125,rshift,2.6115,1,0.966666666666667,70,exp_g1,31,1.6406875
28,139,l1,TRUE,es,f0u,1.1799375,lshift,2.8424,1,0.966666666666667,70,exp_g1,31,1.6624625
29,140,l1,TRUE,es,f0u,1.108625,rshift,2.8118,1,0.966666666666667,70,exp_g1,31,1.703175
1,21,l2,TRUE,es,na,0.704021,lshift,2.319,1,1,73,exp_g2,7,1.614979
2,22,l2,TRUE,es,na,0.863963,rshift,2.231,1,1,73,exp_g2,7,1.367037
3,23,l2,TRUE,es,na,0.806296,lshift,2.219,1,1,73,exp_g2,7,1.412704
4,24,l2,TRUE,es,na,0.817267,rshift,2.745,1,1,73,exp_g2,7,1.927733
5,25,l2,TRUE,es,na,0.909694,lshift,2.502,1,1,73,exp_g2,7,1.592306
6,26,l2,TRUE,es,na,0.977641,rshift,2.377,1,1,73,exp_g2,7,1.399359
7,27,l2,TRUE,es,na,0.619246,lshift,2.149,1,1,73,exp_g2,7,1.529754
8,28,l2,TRUE,es,na,0.937816,rshift,2.373,1,1,73,exp_g2,7,1.435184
9,29,l2,TRUE,es,na,1.122001,lshift,3.139,1,1,73,exp_g2,7,2.016999
10,30,l2,TRUE,es,na,1.133667,rshift,2.688,1,1,73,exp_g2,7,1.554333
11,98,l2,FALSE,en,na,0.376142,rshift,1.878,1,1,73,exp_g2,7,1.501858
12,99,l2,FALSE,en,na,0.462405,lshift,1.825,1,1,73,exp_g2,7,1.362595
13,101,l2,FALSE,en,na,0.924484,lshift,2.474,1,1,73,exp_g2,7,1.549516
14,102,l2,FALSE,en,na,1.021105,rshift,2.255,1,1,73,exp_g2,7,1.233895
15,103,l2,FALSE,en,na,0.594925,lshift,2.176,1,1,73,exp_g2,7,1.581075
16,106,l2,FALSE,en,na,1.203962,rshift,2.704,1,1,73,exp_g2,7,1.500038
17,107,l2,FALSE,en,na,0.740095,lshift,2.438,1,1,73,exp_g2,7,1.697905
18,108,l2,FALSE,en,na,0.818995,rshift,2.439,1,1,73,exp_g2,7,1.620005
19,109,l2,FALSE,en,na,0.344097,lshift,1.811,1,1,73,exp_g2,7,1.466903
20,110,l2,FALSE,en,na,0.973278,rshift,2.425,1,1,73,exp_g2,7,1.451722
21,141,l2,TRUE,es,f0u,0.75509375,lshift,2.198,1,1,73,exp_g2,7,1.44290625
22,142,l2,TRUE,es,f0u,0.73509375,rshift,3,1,1,73,exp_g2,7,2.26490625
23,143,l2,TRUE,es,f0u,1.55846875,lshift,3.342,1,1,73,exp_g2,7,1.78353125
24,144,l2,TRUE,es,f0u,0.69834375,rshift,2.368,1,1,73,exp_g2,7,1.66965625
25,145,l2,TRUE,es,f0u,0.825,lshift,2.264,1,1,73,exp_g2,7,1.439
26,146,l2,TRUE,es,f0u,1.63628125,rshift,3.342,1,1,73,exp_g2,7,1.70571875
27,147,l2,TRUE,es,f0u,1.025125,lshift,2.776,1,1,73,exp_g2,7,1.750875
28,148,l2,TRUE,es,f0u,0.739,rshift,2.226,1,1,73,exp_g2,7,1.487
29,149,l2,TRUE,es,f0u,1.2804375,lshift,2.587,1,1,73,exp_g2,7,1.3065625
30,150,l2,TRUE,es,f0u,0.82653125,rshift,2.506,1,1,73,exp_g2,7,1.67946875
1,21,l2,TRUE,es,na,0.704021,lshift,2.4088,1,0.966666666666667,74,exp_g2,3,1.704779
2,22,l2,TRUE,es,na,0.863963,rshift,2.3492,1,0.966666666666667,74,exp_g2,3,1.485237
3,23,l2,TRUE,es,na,0.806296,lshift,2.3006,1,0.966666666666667,74,exp_g2,3,1.494304
4,24,l2,TRUE,es,na,0.817267,rshift,2.6107,1,0.966666666666667,74,exp_g2,3,1.793433
5,25,l2,TRUE,es,na,0.909694,lshift,2.5492,1,0.966666666666667,74,exp_g2,3,1.639506
6,26,l2,TRUE,es,na,0.977641,rshift,2.3899,1,0.966666666666667,74,exp_g2,3,1.412259
7,27,l2,TRUE,es,na,0.619246,lshift,2.2929,1,0.966666666666667,74,exp_g2,3,1.673654
8,28,l2,TRUE,es,na,0.937816,rshift,2.4244,1,0.966666666666667,74,exp_g2,3,1.486584
9,29,l2,TRUE,es,na,1.122001,lshift,3.1397,1,0.966666666666667,74,exp_g2,3,2.017699
10,30,l2,TRUE,es,na,1.133667,rshift,2.6584,1,0.966666666666667,74,exp_g2,3,1.524733
11,98,l2,FALSE,en,na,0.376142,rshift,2.1739,1,0.966666666666667,74,exp_g2,3,1.797758
12,99,l2,FALSE,en,na,0.462405,lshift,1.8734,1,0.966666666666667,74,exp_g2,3,1.410995
13,101,l2,FALSE,en,na,0.924484,lshift,2.6493,1,0.966666666666667,74,exp_g2,3,1.724816
14,102,l2,FALSE,en,na,1.021105,rshift,2.4293,1,0.966666666666667,74,exp_g2,3,1.408195
15,103,l2,FALSE,en,na,0.594925,lshift,2.4066,1,0.966666666666667,74,exp_g2,3,1.811675
16,106,l2,FALSE,en,na,1.203962,rshift,2.6091,1,0.966666666666667,74,exp_g2,3,1.405138
17,107,l2,FALSE,en,na,0.740095,lshift,2.2448,1,0.966666666666667,74,exp_g2,3,1.504705
18,108,l2,FALSE,en,na,0.818995,rshift,2.8856,1,0.966666666666667,74,exp_g2,3,2.066605
19,109,l2,FALSE,en,na,0.344097,lshift,1.8963,1,0.966666666666667,74,exp_g2,3,1.552203
20,110,l2,FALSE,en,na,0.973278,rshift,2.4524,1,0.966666666666667,74,exp_g2,3,1.479122
21,141,l2,TRUE,es,f0u,0.75509375,lshift,2.4061,1,0.966666666666667,74,exp_g2,3,1.65100625
22,143,l2,TRUE,es,f0u,1.55846875,lshift,3.2898,1,0.966666666666667,74,exp_g2,3,1.73133125
23,144,l2,TRUE,es,f0u,0.69834375,rshift,2.3287,1,0.966666666666667,74,exp_g2,3,1.63035625
24,145,l2,TRUE,es,f0u,0.825,lshift,2.479,1,0.966666666666667,74,exp_g2,3,1.654
25,146,l2,TRUE,es,f0u,1.63628125,rshift,3.0807,1,0.966666666666667,74,exp_g2,3,1.44441875
26,147,l2,TRUE,es,f0u,1.025125,lshift,2.8917,1,0.966666666666667,74,exp_g2,3,1.866575
27,148,l2,TRUE,es,f0u,0.739,rshift,2.7669,1,0.966666666666667,74,exp_g2,3,2.0279
28,149,l2,TRUE,es,f0u,1.2804375,lshift,3.0923,1,0.966666666666667,74,exp_g2,3,1.8118625
29,150,l2,TRUE,es,f0u,0.82653125,rshift,2.5511,1,0.966666666666667,74,exp_g2,3,1.72456875
1,21,l2,TRUE,es,na,0.704021,lshift,2.0106,1,0.966666666666667,75,exp_g2,-2,1.306579
2,22,l2,TRUE,es,na,0.863963,rshift,2.2637,1,0.966666666666667,75,exp_g2,-2,1.399737
3,23,l2,TRUE,es,na,0.806296,lshift,2.5005,1,0.966666666666667,75,exp_g2,-2,1.694204
4,24,l2,TRUE,es,na,0.817267,rshift,2.7794,1,0.966666666666667,75,exp_g2,-2,1.962133
5,25,l2,TRUE,es,na,0.909694,lshift,2.3285,1,0.966666666666667,75,exp_g2,-2,1.418806
6,26,l2,TRUE,es,na,0.977641,rshift,2.4099,1,0.966666666666667,75,exp_g2,-2,1.432259
7,27,l2,TRUE,es,na,0.619246,lshift,2.1439,1,0.966666666666667,75,exp_g2,-2,1.524654
8,28,l2,TRUE,es,na,0.937816,rshift,2.5108,1,0.966666666666667,75,exp_g2,-2,1.572984
9,30,l2,TRUE,es,na,1.133667,rshift,2.4459,1,0.966666666666667,75,exp_g2,-2,1.312233
10,98,l2,FALSE,en,na,0.376142,rshift,2.8726,1,0.966666666666667,75,exp_g2,-2,2.496458
11,99,l2,FALSE,en,na,0.462405,lshift,1.8802,1,0.966666666666667,75,exp_g2,-2,1.417795
12,101,l2,FALSE,en,na,0.924484,lshift,2.4033,1,0.966666666666667,75,exp_g2,-2,1.478816
13,102,l2,FALSE,en,na,1.021105,rshift,2.3821,1,0.966666666666667,75,exp_g2,-2,1.360995
14,103,l2,FALSE,en,na,0.594925,lshift,1.9954,1,0.966666666666667,75,exp_g2,-2,1.400475
15,106,l2,FALSE,en,na,1.203962,rshift,2.5795,1,0.966666666666667,75,exp_g2,-2,1.375538
16,107,l2,FALSE,en,na,0.740095,lshift,2.1589,1,0.966666666666667,75,exp_g2,-2,1.418805
17,108,l2,FALSE,en,na,0.818995,rshift,2.3224,1,0.966666666666667,75,exp_g2,-2,1.503405
18,109,l2,FALSE,en,na,0.344097,lshift,1.7093,1,0.966666666666667,75,exp_g2,-2,1.365203
19,110,l2,FALSE,en,na,0.973278,rshift,3.0725,1,0.966666666666667,75,exp_g2,-2,2.099222
20,151,l1,TRUE,es,f0c,0.7884375,lshift,2.193,1,0.966666666666667,75,exp_g2,-2,1.4045625
21,152,l1,TRUE,es,f0c,0.92128125,rshift,2.387,1,0.966666666666667,75,exp_g2,-2,1.46571875
22,153,l1,TRUE,es,f0c,0.77825,lshift,2.4274,1,0.966666666666667,75,exp_g2,-2,1.64915
23,154,l1,TRUE,es,f0c,0.91259375,rshift,3.2518,1,0.966666666666667,75,exp_g2,-2,2.33920625
24,155,l1,TRUE,es,f0c,0.8595,lshift,2.3653,1,0.966666666666667,75,exp_g2,-2,1.5058
25,156,l1,TRUE,es,f0c,0.974875,rshift,2.9424,1,0.966666666666667,75,exp_g2,-2,1.967525
26,157,l1,TRUE,es,f0c,0.635125,lshift,2.0665,1,0.966666666666667,75,exp_g2,-2,1.431375
27,158,l1,TRUE,es,f0c,0.9708125,rshift,2.509,1,0.966666666666667,75,exp_g2,-2,1.5381875
28,159,l1,TRUE,es,f0c,1.1799375,lshift,2.8446,1,0.966666666666667,75,exp_g2,-2,1.6646625
29,160,l1,TRUE,es,f0c,1.108625,rshift,3.8271,1,0.966666666666667,75,exp_g2,-2,2.718475
1,11,l1,TRUE,es,na,0.944375,lshift,2.6752,1,1,86,exp_g1,-2,1.730825
2,12,l1,TRUE,es,na,0.823703,rshift,2.155,1,1,86,exp_g1,-2,1.331297
3,13,l1,TRUE,es,na,1.352093,lshift,3.3428,1,1,86,exp_g1,-2,1.990707
4,14,l1,TRUE,es,na,0.788685,rshift,2.1162,1,1,86,exp_g1,-2,1.327515
5,15,l1,TRUE,es,na,0.882114,lshift,3.7102,1,1,86,exp_g1,-2,2.828086
6,16,l1,TRUE,es,na,1.694902,rshift,3.1275,1,1,86,exp_g1,-2,1.432598
7,17,l1,TRUE,es,na,1.328805,lshift,2.9827,1,1,86,exp_g1,-2,1.653895
8,18,l1,TRUE,es,na,0.900375,rshift,2.7175,1,1,86,exp_g1,-2,1.817125
9,19,l1,TRUE,es,na,1.44153,lshift,2.7747,1,1,86,exp_g1,-2,1.33317
10,20,l1,TRUE,es,na,0.99676,rshift,2.7426,1,1,86,exp_g1,-2,1.74584
11,63,l1,FALSE,en,na,0.351376,rshift,1.7452,1,1,86,exp_g1,-2,1.393824
12,64,l1,FALSE,en,na,0.428572,lshift,1.7092,1,1,86,exp_g1,-2,1.280628
13,66,l1,FALSE,en,na,0.78000100000000006,lshift,2.1798,1,1,86,exp_g1,-2,1.399799
14,67,l1,FALSE,en,na,0.950804,rshift,2.23,1,1,86,exp_g1,-2,1.279196
15,68,l1,FALSE,en,na,0.600784,lshift,2.9253,1,1,86,exp_g1,-2,2.324516
16,71,l1,FALSE,en,na,1.261129,rshift,2.5574,1,1,86,exp_g1,-2,1.296271
17,72,l1,FALSE,en,na,0.83156,lshift,1.9953,1,1,86,exp_g1,-2,1.16374
18,73,l1,FALSE,en,na,0.877576,rshift,2.1087,1,1,86,exp_g1,-2,1.231124
19,74,l1,FALSE,en,na,0.396484,lshift,1.752,1,1,86,exp_g1,-2,1.355516
20,75,l1,FALSE,en,na,0.913493,rshift,2.1912,1,1,86,exp_g1,-2,1.277707
21,131,l1,TRUE,es,f0u,0.7884375,lshift,2.0444,1,1,86,exp_g1,-2,1.2559625
22,132,l1,TRUE,es,f0u,0.92128125,rshift,2.2591,1,1,86,exp_g1,-2,1.33781875
23,133,l1,TRUE,es,f0u,0.77825,lshift,2.4687,1,1,86,exp_g1,-2,1.69045
24,134,l1,TRUE,es,f0u,0.91259375,rshift,3.1593,1,1,86,exp_g1,-2,2.24670625
25,135,l1,TRUE,es,f0u,0.8595,lshift,2.236,1,1,86,exp_g1,-2,1.3765
26,136,l1,TRUE,es,f0u,0.974875,rshift,2.8425,1,1,86,exp_g1,-2,1.867625
27,137,l1,TRUE,es,f0u,0.635125,lshift,2.1904,1,1,86,exp_g1,-2,1.555275
28,138,l1,TRUE,es,f0u,0.9708125,rshift,2.3275,1,1,86,exp_g1,-2,1.3566875
29,139,l1,TRUE,es,f0u,1.1799375,lshift,2.8033,1,1,86,exp_g1,-2,1.6233625
30,140,l1,TRUE,es,f0u,1.108625,rshift,3.2168,1,1,86,exp_g1,-2,2.108175
1,21,l2,TRUE,es,na,0.704021,lshift,2.007,1,0.9,91,exp_g2,9,1.302979
2,22,l2,TRUE,es,na,0.863963,rshift,2.2127,1,0.9,91,exp_g2,9,1.348737
3,23,l2,TRUE,es,na,0.806296,lshift,1.9942,1,0.9,91,exp_g2,9,1.187904
4,24,l2,TRUE,es,na,0.817267,rshift,2.9091,1,0.9,91,exp_g2,9,2.091833
5,25,l2,TRUE,es,na,0.909694,lshift,2.3718,1,0.9,91,exp_g2,9,1.462106
6,26,l2,TRUE,es,na,0.977641,rshift,2.4206,1,0.9,91,exp_g2,9,1.442959
7,27,l2,TRUE,es,na,0.619246,lshift,2.3225,1,0.9,91,exp_g2,9,1.703254
8,28,l2,TRUE,es,na,0.937816,rshift,2.215,1,0.9,91,exp_g2,9,1.277184
9,30,l2,TRUE,es,na,1.133667,rshift,2.6993,1,0.9,91,exp_g2,9,1.565633
10,98,l2,FALSE,en,na,0.376142,rshift,2.0133,1,0.9,91,exp_g2,9,1.637158
11,99,l2,FALSE,en,na,0.462405,lshift,1.5997,1,0.9,91,exp_g2,9,1.137295
12,101,l2,FALSE,en,na,0.924484,lshift,2.3657,1,0.9,91,exp_g2,9,1.441216
13,103,l2,FALSE,en,na,0.594925,lshift,1.9735,1,0.9,91,exp_g2,9,1.378575
14,106,l2,FALSE,en,na,1.203962,rshift,2.5917,1,0.9,91,exp_g2,9,1.387738
15,107,l2,FALSE,en,na,0.740095,lshift,2.1925,1,0.9,91,exp_g2,9,1.452405
16,108,l2,FALSE,en,na,0.818995,rshift,3.9452,1,0.9,91,exp_g2,9,3.126205
17,109,l2,FALSE,en,na,0.344097,lshift,1.6449,1,0.9,91,exp_g2,9,1.300803
18,110,l2,FALSE,en,na,0.973278,rshift,2.1783,1,0.9,91,exp_g2,9,1.205022
19,141,l2,TRUE,es,f0u,0.75509375,lshift,2.1663,1,0.9,91,exp_g2,9,1.41120625
20,143,l2,TRUE,es,f0u,1.55846875,lshift,3.3077,1,0.9,91,exp_g2,9,1.74923125
21,144,l2,TRUE,es,f0u,0.69834375,rshift,2.2461,1,0.9,91,exp_g2,9,1.54775625
22,145,l2,TRUE,es,f0u,0.825,lshift,2.0656,1,0.9,91,exp_g2,9,1.2406
23,146,l2,TRUE,es,f0u,1.63628125,rshift,2.9649,1,0.9,91,exp_g2,9,1.32861875
24,147,l2,TRUE,es,f0u,1.025125,lshift,3.06,1,0.9,91,exp_g2,9,2.034875
25,148,l2,TRUE,es,f0u,0.739,rshift,2.3961,1,0.9,91,exp_g2,9,1.6571
26,149,l2,TRUE,es,f0u,1.2804375,lshift,2.5612,1,0.9,91,exp_g2,9,1.2807625
27,150,l2,TRUE,es,f0u,0.82653125,rshift,2.2625,1,0.9,91,exp_g2,9,1.43596875
